{"v":"5.4.3","fr":29.9700012207031,"ip":0,"op":150.000006109625,"w":128,"h":128,"nm":"preview","ddd":0,"assets":[{"id":"comp_0","layers":[{"ddd":0,"ind":1,"ty":4,"nm":"Shape Layer 3","td":1,"sr":1,"ks":{"o":{"a":0,"k":100,"ix":11},"r":{"a":0,"k":0,"ix":10},"p":{"a":0,"k":[126,68,0],"ix":2},"a":{"a":0,"k":[0,0,0],"ix":1},"s":{"a":0,"k":[100,100,100],"ix":6}},"ao":0,"shapes":[{"ty":"gr","it":[{"ty":"rc","d":1,"s":{"a":0,"k":[40,40],"ix":2},"p":{"a":0,"k":[0,0],"ix":3},"r":{"a":1,"k":[{"i":{"x":[0.667],"y":[1]},"o":{"x":[0.333],"y":[0]},"n":["0p667_1_0p333_0"],"t":45,"s":[16],"e":[20]},{"t":56.0000022809268}],"ix":4},"nm":"Rectangle Path 1","mn":"ADBE Vector Shape - Rect","hd":false},{"ty":"fl","c":{"a":0,"k":[0.7843137254901961,0.5294117647058824,0.09803921568627451,1],"ix":4},"o":{"a":0,"k":100,"ix":5},"r":1,"bm":0,"nm":"Fill 1","mn":"ADBE Vector Graphic - Fill","hd":false},{"ty":"tr","p":{"a":0,"k":[-0.828,-1.148],"ix":2},"a":{"a":0,"k":[0,0],"ix":1},"s":{"a":0,"k":[100,100],"ix":3},"r":{"a":0,"k":0,"ix":6},"o":{"a":0,"k":100,"ix":7},"sk":{"a":0,"k":0,"ix":4},"sa":{"a":0,"k":0,"ix":5},"nm":"Transform"}],"nm":"Rectangle 1","np":2,"cix":2,"bm":0,"ix":1,"mn":"ADBE Vector Group","hd":false}],"ip":53.0000021587343,"op":120.0000048877,"st":0,"bm":0},{"ddd":0,"ind":2,"ty":4,"nm":"round-shopping_cart-24px Outlines","tt":1,"sr":1,"ks":{"o":{"a":0,"k":100,"ix":11},"r":{"a":0,"k":0,"ix":10},"p":{"a":1,"k":[{"i":{"x":0.667,"y":1},"o":{"x":0.333,"y":0},"n":"0p667_1_0p333_0","t":53,"s":[123.5,35.75,0],"e":[123.5,70.25,0],"to":[0,5.75,0],"ti":[0,-5.16666650772095,0]},{"i":{"x":0.667,"y":1},"o":{"x":0.333,"y":0},"n":"0p667_1_0p333_0","t":61,"s":[123.5,70.25,0],"e":[123.5,66.75,0],"to":[0,5.16666650772095,0],"ti":[0,0.58333331346512,0]},{"i":{"x":0.667,"y":0.667},"o":{"x":0.167,"y":0.167},"n":"0p667_0p667_0p167_0p167","t":67,"s":[123.5,66.75,0],"e":[123.5,66.75,0],"to":[0,0,0],"ti":[0,0,0]},{"i":{"x":0.667,"y":1},"o":{"x":0.167,"y":0},"n":"0p667_1_0p167_0","t":110,"s":[123.5,66.75,0],"e":[125.5,66.75,0],"to":[0.33333334326744,0,0],"ti":[-0.33333334326744,0,0]},{"t":120.0000048877}],"ix":2},"a":{"a":0,"k":[0,0,0],"ix":1},"s":{"a":1,"k":[{"i":{"x":[0.667,0.667,0.667],"y":[1,1,1]},"o":{"x":[0.333,0.333,0.333],"y":[0,0,0]},"n":["0p667_1_0p333_0","0p667_1_0p333_0","0p667_1_0p333_0"],"t":110,"s":[300,300,100],"e":[0,0,100]},{"t":120.0000048877}],"ix":6}},"ao":0,"shapes":[{"ty":"gr","it":[{"ind":0,"ty":"sh","ix":1,"ks":{"a":0,"k":{"i":[[0,0],[0,0],[0,0],[0,0],[0,0],[0,0],[0,0],[0,0]],"o":[[0,0],[0,0],[0,0],[0,0],[0,0],[0,0],[0,0],[0,0]],"v":[[0.378,-2.346],[0.296,-2.346],[-1.473,-1.096],[-1.473,-2.214],[0.383,-3.523],[1.473,-3.523],[1.473,3.523],[0.378,3.523]],"c":true},"ix":2},"nm":"Path 1","mn":"ADBE Vector Shape - Group","hd":false},{"ty":"fl","c":{"a":0,"k":[1,1,1,1],"ix":4},"o":{"a":0,"k":100,"ix":5},"r":1,"bm":0,"nm":"Fill 1","mn":"ADBE Vector Graphic - Fill","hd":false},{"ty":"tr","p":{"a":0,"k":[0,0],"ix":2},"a":{"a":0,"k":[0,0],"ix":1},"s":{"a":0,"k":[100,100],"ix":3},"r":{"a":0,"k":0,"ix":6},"o":{"a":0,"k":100,"ix":7},"sk":{"a":0,"k":0,"ix":4},"sa":{"a":0,"k":0,"ix":5},"nm":"Transform"}],"nm":"Group 1","np":2,"cix":2,"bm":0,"ix":1,"mn":"ADBE Vector Group","hd":false}],"ip":53.0000021587343,"op":120.0000048877,"st":0,"bm":0},{"ddd":0,"ind":3,"ty":4,"nm":"Shape Layer 2","sr":1,"ks":{"o":{"a":0,"k":100,"ix":11},"r":{"a":0,"k":0,"ix":10},"p":{"a":1,"k":[{"i":{"x":0.667,"y":1},"o":{"x":0.333,"y":0},"n":"0p667_1_0p333_0","t":45,"s":[100,38,0],"e":[126,68,0],"to":[6.5,2.08333325386047,0],"ti":[-4,-7.08333349227905,0]},{"t":53.0000021587343}],"ix":2},"a":{"a":0,"k":[0,0,0],"ix":1},"s":{"a":1,"k":[{"i":{"x":[0.667,0.667,0.667],"y":[1,1,1]},"o":{"x":[0.333,0.333,0.333],"y":[0,0,0]},"n":["0p667_1_0p333_0","0p667_1_0p333_0","0p667_1_0p333_0"],"t":110,"s":[100,100,100],"e":[0,0,100]},{"t":120.0000048877}],"ix":6}},"ao":0,"shapes":[{"ty":"gr","it":[{"ty":"rc","d":1,"s":{"a":1,"k":[{"i":{"x":[0.667,0.667],"y":[1,1]},"o":{"x":[0.333,0.333],"y":[0,0]},"n":["0p667_1_0p333_0","0p667_1_0p333_0"],"t":45,"s":[32,32],"e":[40,40]},{"t":53.0000021587343}],"ix":2},"p":{"a":0,"k":[0,0],"ix":3},"r":{"a":1,"k":[{"i":{"x":[0.667],"y":[1]},"o":{"x":[0.333],"y":[0]},"n":["0p667_1_0p333_0"],"t":45,"s":[16],"e":[20]},{"t":53.0000021587343}],"ix":4},"nm":"Rectangle Path 1","mn":"ADBE Vector Shape - Rect","hd":false},{"ty":"fl","c":{"a":0,"k":[0.7843137254901961,0.5294117647058824,0.09803921568627451,1],"ix":4},"o":{"a":0,"k":100,"ix":5},"r":1,"bm":0,"nm":"Fill 1","mn":"ADBE Vector Graphic - Fill","hd":false},{"ty":"tr","p":{"a":0,"k":[-0.828,-1.148],"ix":2},"a":{"a":0,"k":[0,0],"ix":1},"s":{"a":0,"k":[100,100],"ix":3},"r":{"a":0,"k":0,"ix":6},"o":{"a":0,"k":100,"ix":7},"sk":{"a":0,"k":0,"ix":4},"sa":{"a":0,"k":0,"ix":5},"nm":"Transform"}],"nm":"Rectangle 1","np":2,"cix":2,"bm":0,"ix":1,"mn":"ADBE Vector Group","hd":false}],"ip":45.0000018328876,"op":120.0000048877,"st":0,"bm":0},{"ddd":0,"ind":4,"ty":4,"nm":"round-shopping_cart-24px Outlines","sr":1,"ks":{"o":{"a":0,"k":100,"ix":11},"r":{"a":0,"k":0,"ix":10},"p":{"a":1,"k":[{"i":{"x":0.667,"y":1},"o":{"x":0.333,"y":0},"n":"0p667_1_0p333_0","t":107,"s":[96,96,0],"e":[78,96,0],"to":[-3,0,0],"ti":[0,0,0]},{"i":{"x":0.667,"y":1},"o":{"x":0.333,"y":0},"n":"0p667_1_0p333_0","t":115,"s":[78,96,0],"e":[96,96,0],"to":[0,0,0],"ti":[-3,0,0]},{"t":122.000004969162}],"ix":2},"a":{"a":0,"k":[12,12,0],"ix":1},"s":{"a":0,"k":[400,400,100],"ix":6}},"ao":0,"shapes":[{"ty":"gr","it":[{"ind":0,"ty":"sh","ix":1,"ks":{"a":1,"k":[{"i":{"x":0.667,"y":1},"o":{"x":0.333,"y":0},"n":"0p667_1_0p333_0","t":30,"s":[{"i":[[0,0],[0,0],[0,0],[0,0]],"o":[[0,0],[0,0],[0,0],[0,0]],"v":[[-5.065,-3.5],[7.085,-3.5],[4.325,1.5],[-2.695,1.5]],"c":true}],"e":[{"i":[[0,0],[0,0],[0,0],[0,0]],"o":[[0,0],[0,0],[0,0],[0,0]],"v":[[-5.565,-2.25],[8.46,-2.25],[5.7,2.75],[-3.195,2.75]],"c":true}]},{"i":{"x":0.667,"y":1},"o":{"x":0.333,"y":0},"n":"0p667_1_0p333_0","t":36,"s":[{"i":[[0,0],[0,0],[0,0],[0,0]],"o":[[0,0],[0,0],[0,0],[0,0]],"v":[[-5.565,-2.25],[8.46,-2.25],[5.7,2.75],[-3.195,2.75]],"c":true}],"e":[{"i":[[0,0],[0,0],[0,0],[0,0]],"o":[[0,0],[0,0],[0,0],[0,0]],"v":[[-5.565,-2.25],[8.46,-2.25],[5.7,2.75],[-3.195,2.75]],"c":true}]},{"i":{"x":0.667,"y":1},"o":{"x":0.333,"y":0},"n":"0p667_1_0p333_0","t":39,"s":[{"i":[[0,0],[0,0],[0,0],[0,0]],"o":[[0,0],[0,0],[0,0],[0,0]],"v":[[-5.565,-2.25],[8.46,-2.25],[5.7,2.75],[-3.195,2.75]],"c":true}],"e":[{"i":[[0,0],[0,0],[0,0],[0,0]],"o":[[0,0],[0,0],[0,0],[0,0]],"v":[[-5.065,-3.5],[7.085,-3.5],[4.325,1.5],[-2.695,1.5]],"c":true}]},{"t":45.0000018328876}],"ix":2},"nm":"Path 1","mn":"ADBE Vector Shape - Group","hd":false},{"ind":1,"ty":"sh","ix":2,"ks":{"a":1,"k":[{"i":{"x":0.667,"y":1},"o":{"x":0.333,"y":0},"n":"0p667_1_0p333_0","t":30,"s":[{"i":[[0,0],[-0.34,0.62],[0,0],[0.759,0],[0,0],[0,0],[0.38,0],[0,0],[0,-0.55],[-0.55,0],[0,0],[0,0],[0,0],[-1.52,0],[0,0],[0,0.55],[0.55,0],[0,0],[0,0]],"o":[[0.75,0],[0,0],[0.37,-0.66],[0,0],[0,0],[-0.16,-0.35],[0,0],[-0.55,0],[0,0.55],[0,0],[0,0],[0,0],[-0.73,1.34],[0,0],[0.55,0],[0,-0.55],[0,0],[0,0],[0,0]],"v":[[4.425,3.5],[6.175,2.47],[9.755,-4.02],[8.885,-5.5],[-5.915,-5.5],[-6.585,-6.93],[-7.485,-7.5],[-9.125,-7.5],[-10.125,-6.5],[-9.125,-5.5],[-8.125,-5.5],[-4.525,2.09],[-5.875,4.53],[-4.125,7.5],[6.875,7.5],[7.875,6.5],[6.875,5.5],[-4.125,5.5],[-3.025,3.5]],"c":true}],"e":[{"i":[[0,0],[-0.34,0.62],[0,0],[0.759,0],[0,0],[0,0],[0.38,0],[0,0],[0,-0.55],[-0.55,0],[0,0],[0,0],[0,0],[-1.52,0],[0,0],[0,0.55],[0.55,0],[0,0],[0,0]],"o":[[0.75,0],[0,0],[0.37,-0.66],[0,0],[0,0],[-0.16,-0.35],[0,0],[-0.55,0],[0,0.55],[0,0],[0,0],[0,0],[-0.73,1.34],[0,0],[0.55,0],[0,-0.55],[0,0],[0,0],[0,0]],"v":[[5.8,4.75],[7.55,3.72],[11.13,-2.77],[10.26,-4.25],[-6.415,-4.25],[-7.085,-5.68],[-7.985,-6.25],[-9.625,-6.25],[-10.625,-5.25],[-9.625,-4.25],[-8.625,-4.25],[-5.025,3.34],[-5.875,4.53],[-4.125,7.5],[6.875,7.5],[7.875,6.5],[6.875,5.5],[-4.125,5.5],[-3.525,4.75]],"c":true}]},{"i":{"x":0.667,"y":1},"o":{"x":0.333,"y":0},"n":"0p667_1_0p333_0","t":36,"s":[{"i":[[0,0],[-0.34,0.62],[0,0],[0.759,0],[0,0],[0,0],[0.38,0],[0,0],[0,-0.55],[-0.55,0],[0,0],[0,0],[0,0],[-1.52,0],[0,0],[0,0.55],[0.55,0],[0,0],[0,0]],"o":[[0.75,0],[0,0],[0.37,-0.66],[0,0],[0,0],[-0.16,-0.35],[0,0],[-0.55,0],[0,0.55],[0,0],[0,0],[0,0],[-0.73,1.34],[0,0],[0.55,0],[0,-0.55],[0,0],[0,0],[0,0]],"v":[[5.8,4.75],[7.55,3.72],[11.13,-2.77],[10.26,-4.25],[-6.415,-4.25],[-7.085,-5.68],[-7.985,-6.25],[-9.625,-6.25],[-10.625,-5.25],[-9.625,-4.25],[-8.625,-4.25],[-5.025,3.34],[-5.875,4.53],[-4.125,7.5],[6.875,7.5],[7.875,6.5],[6.875,5.5],[-4.125,5.5],[-3.525,4.75]],"c":true}],"e":[{"i":[[0,0],[-0.34,0.62],[0,0],[0.759,0],[0,0],[0,0],[0.38,0],[0,0],[0,-0.55],[-0.55,0],[0,0],[0,0],[0,0],[-1.52,0],[0,0],[0,0.55],[0.55,0],[0,0],[0,0]],"o":[[0.75,0],[0,0],[0.37,-0.66],[0,0],[0,0],[-0.16,-0.35],[0,0],[-0.55,0],[0,0.55],[0,0],[0,0],[0,0],[-0.73,1.34],[0,0],[0.55,0],[0,-0.55],[0,0],[0,0],[0,0]],"v":[[5.8,4.75],[7.55,3.72],[11.13,-2.77],[10.26,-4.25],[-6.415,-4.25],[-7.085,-5.68],[-7.985,-6.25],[-9.625,-6.25],[-10.625,-5.25],[-9.625,-4.25],[-8.625,-4.25],[-5.025,3.34],[-5.875,4.53],[-4.125,7.5],[6.875,7.5],[7.875,6.5],[6.875,5.5],[-4.125,5.5],[-3.525,4.75]],"c":true}]},{"i":{"x":0.667,"y":1},"o":{"x":0.333,"y":0},"n":"0p667_1_0p333_0","t":39,"s":[{"i":[[0,0],[-0.34,0.62],[0,0],[0.759,0],[0,0],[0,0],[0.38,0],[0,0],[0,-0.55],[-0.55,0],[0,0],[0,0],[0,0],[-1.52,0],[0,0],[0,0.55],[0.55,0],[0,0],[0,0]],"o":[[0.75,0],[0,0],[0.37,-0.66],[0,0],[0,0],[-0.16,-0.35],[0,0],[-0.55,0],[0,0.55],[0,0],[0,0],[0,0],[-0.73,1.34],[0,0],[0.55,0],[0,-0.55],[0,0],[0,0],[0,0]],"v":[[5.8,4.75],[7.55,3.72],[11.13,-2.77],[10.26,-4.25],[-6.415,-4.25],[-7.085,-5.68],[-7.985,-6.25],[-9.625,-6.25],[-10.625,-5.25],[-9.625,-4.25],[-8.625,-4.25],[-5.025,3.34],[-5.875,4.53],[-4.125,7.5],[6.875,7.5],[7.875,6.5],[6.875,5.5],[-4.125,5.5],[-3.525,4.75]],"c":true}],"e":[{"i":[[0,0],[-0.34,0.62],[0,0],[0.759,0],[0,0],[0,0],[0.38,0],[0,0],[0,-0.55],[-0.55,0],[0,0],[0,0],[0,0],[-1.52,0],[0,0],[0,0.55],[0.55,0],[0,0],[0,0]],"o":[[0.75,0],[0,0],[0.37,-0.66],[0,0],[0,0],[-0.16,-0.35],[0,0],[-0.55,0],[0,0.55],[0,0],[0,0],[0,0],[-0.73,1.34],[0,0],[0.55,0],[0,-0.55],[0,0],[0,0],[0,0]],"v":[[4.425,3.5],[6.175,2.47],[9.755,-4.02],[8.885,-5.5],[-5.915,-5.5],[-6.585,-6.93],[-7.485,-7.5],[-9.125,-7.5],[-10.125,-6.5],[-9.125,-5.5],[-8.125,-5.5],[-4.525,2.09],[-5.875,4.53],[-4.125,7.5],[6.875,7.5],[7.875,6.5],[6.875,5.5],[-4.125,5.5],[-3.025,3.5]],"c":true}]},{"t":45.0000018328876}],"ix":2},"nm":"Path 2","mn":"ADBE Vector Shape - Group","hd":false},{"ty":"mm","mm":1,"nm":"Merge Paths 1","mn":"ADBE Vector Filter - Merge","hd":false},{"ty":"fl","c":{"a":0,"k":[0.6666666666666666,0.6666666666666666,0.6666666666666666,1],"ix":4},"o":{"a":0,"k":100,"ix":5},"r":1,"bm":0,"nm":"Fill 1","mn":"ADBE Vector Graphic - Fill","hd":false},{"ty":"tr","p":{"a":1,"k":[{"i":{"x":0.667,"y":1},"o":{"x":0.333,"y":0},"n":"0p667_1_0p333_0","t":33,"s":[11.125,9.5],"e":[11.125,11.5],"to":[0,0.33333334326744],"ti":[0,-0.33333334326744]},{"i":{"x":0.667,"y":0.667},"o":{"x":0.333,"y":0.333},"n":"0p667_0p667_0p333_0p333","t":39,"s":[11.125,11.5],"e":[11.125,11.5],"to":[0,0],"ti":[0,0]},{"i":{"x":0.667,"y":1},"o":{"x":0.333,"y":0},"n":"0p667_1_0p333_0","t":41,"s":[11.125,11.5],"e":[11.125,9.5],"to":[0,-0.33333334326744],"ti":[0,0.33333334326744]},{"t":44.0000017921567}],"ix":2},"a":{"a":0,"k":[0,0],"ix":1},"s":{"a":0,"k":[100,100],"ix":3},"r":{"a":1,"k":[{"i":{"x":[0.667],"y":[1]},"o":{"x":[0.333],"y":[0]},"n":["0p667_1_0p333_0"],"t":30,"s":[0],"e":[4]},{"i":{"x":[0.667],"y":[1]},"o":{"x":[0.333],"y":[0]},"n":["0p667_1_0p333_0"],"t":36,"s":[4],"e":[0]},{"i":{"x":[0.667],"y":[1]},"o":{"x":[0.333],"y":[0]},"n":["0p667_1_0p333_0"],"t":43,"s":[0],"e":[0]},{"i":{"x":[0.833],"y":[1]},"o":{"x":[0.333],"y":[0]},"n":["0p833_1_0p333_0"],"t":107,"s":[0],"e":[3]},{"i":{"x":[0.667],"y":[1]},"o":{"x":[0.167],"y":[0]},"n":["0p667_1_0p167_0"],"t":115,"s":[3],"e":[-2]},{"i":{"x":[0.667],"y":[1]},"o":{"x":[0.333],"y":[0]},"n":["0p667_1_0p333_0"],"t":119,"s":[-2],"e":[0]},{"t":125.000005091354}],"ix":6},"o":{"a":0,"k":100,"ix":7},"sk":{"a":0,"k":0,"ix":4},"sa":{"a":0,"k":0,"ix":5},"nm":"Transform"}],"nm":"Group 1","np":4,"cix":2,"bm":0,"ix":1,"mn":"ADBE Vector Group","hd":false},{"ty":"gr","it":[{"ind":0,"ty":"sh","ix":1,"ks":{"a":0,"k":{"i":[[1.1,0],[0,-1.1],[-1.1,0],[0,1.1]],"o":[[-1.1,0],[0,1.1],[1.1,0],[0,-1.1]],"v":[[-0.005,-2],[-1.995,0],[-0.005,2],[1.995,0]],"c":true},"ix":2},"nm":"Path 1","mn":"ADBE Vector Shape - Group","hd":false},{"ty":"fl","c":{"a":0,"k":[0.6666666666666666,0.6666666666666666,0.6666666666666666,1],"ix":4},"o":{"a":0,"k":100,"ix":5},"r":1,"bm":0,"nm":"Fill 1","mn":"ADBE Vector Graphic - Fill","hd":false},{"ty":"tr","p":{"a":1,"k":[{"i":{"x":0.667,"y":1},"o":{"x":0.333,"y":0},"n":"0p667_1_0p333_0","t":37,"s":[7.005,20],"e":[6.505,20],"to":[-0.08333333581686,0],"ti":[-0.08333333581686,0]},{"i":{"x":0.667,"y":1},"o":{"x":0.333,"y":0},"n":"0p667_1_0p333_0","t":41,"s":[6.505,20],"e":[7.505,20],"to":[0.08333333581686,0],"ti":[-0.08333333581686,0]},{"i":{"x":0.667,"y":1},"o":{"x":0.333,"y":0},"n":"0p667_1_0p333_0","t":44,"s":[7.505,20],"e":[7.005,20],"to":[0.08333333581686,0],"ti":[0.08333333581686,0]},{"i":{"x":0.667,"y":0.667},"o":{"x":0.167,"y":0.167},"n":"0p667_0p667_0p167_0p167","t":51,"s":[7.005,20],"e":[7.005,20],"to":[0,0],"ti":[0,0]},{"i":{"x":0.667,"y":1},"o":{"x":0.167,"y":0},"n":"0p667_1_0p167_0","t":107,"s":[7.005,20],"e":[8.005,20],"to":[0.16666667163372,0],"ti":[0.16666667163372,0]},{"i":{"x":0.667,"y":1},"o":{"x":0.167,"y":0},"n":"0p667_1_0p167_0","t":115,"s":[8.005,20],"e":[6.005,20],"to":[-0.16666667163372,0],"ti":[0.16666667163372,0]},{"i":{"x":0.667,"y":1},"o":{"x":0.167,"y":0},"n":"0p667_1_0p167_0","t":119,"s":[6.005,20],"e":[7.005,20],"to":[-0.16666667163372,0],"ti":[-0.16666667163372,0]},{"t":125.000005091354}],"ix":2},"a":{"a":0,"k":[0,0],"ix":1},"s":{"a":0,"k":[100,100],"ix":3},"r":{"a":0,"k":0,"ix":6},"o":{"a":0,"k":100,"ix":7},"sk":{"a":0,"k":0,"ix":4},"sa":{"a":0,"k":0,"ix":5},"nm":"Transform"}],"nm":"Group 2","np":2,"cix":2,"bm":0,"ix":2,"mn":"ADBE Vector Group","hd":false},{"ty":"gr","it":[{"ind":0,"ty":"sh","ix":1,"ks":{"a":0,"k":{"i":[[1.1,0],[0,-1.1],[-1.1,0],[0,1.1]],"o":[[-1.1,0],[0,1.1],[1.1,0],[0,-1.1]],"v":[[-0.005,-2],[-1.995,0],[-0.005,2],[1.995,0]],"c":true},"ix":2},"nm":"Path 1","mn":"ADBE Vector Shape - Group","hd":false},{"ty":"fl","c":{"a":0,"k":[0.6666666666666666,0.6666666666666666,0.6666666666666666,1],"ix":4},"o":{"a":0,"k":100,"ix":5},"r":1,"bm":0,"nm":"Fill 1","mn":"ADBE Vector Graphic - Fill","hd":false},{"ty":"tr","p":{"a":1,"k":[{"i":{"x":0.667,"y":1},"o":{"x":0.333,"y":0},"n":"0p667_1_0p333_0","t":37,"s":[17.005,20],"e":[17.505,20],"to":[0.08333333581686,0],"ti":[0.08333333581686,0]},{"i":{"x":0.667,"y":1},"o":{"x":0.333,"y":0},"n":"0p667_1_0p333_0","t":41,"s":[17.505,20],"e":[16.505,20],"to":[-0.08333333581686,0],"ti":[0.08333333581686,0]},{"i":{"x":0.667,"y":1},"o":{"x":0.333,"y":0},"n":"0p667_1_0p333_0","t":44,"s":[16.505,20],"e":[17.005,20],"to":[-0.08333333581686,0],"ti":[-0.08333333581686,0]},{"i":{"x":0.667,"y":0.667},"o":{"x":0.167,"y":0.167},"n":"0p667_0p667_0p167_0p167","t":51,"s":[17.005,20],"e":[17.005,20],"to":[0,0],"ti":[0,0]},{"i":{"x":0.667,"y":1},"o":{"x":0.167,"y":0},"n":"0p667_1_0p167_0","t":107,"s":[17.005,20],"e":[18.005,20],"to":[0.16666667163372,0],"ti":[0.16666667163372,0]},{"i":{"x":0.667,"y":1},"o":{"x":0.167,"y":0},"n":"0p667_1_0p167_0","t":115,"s":[18.005,20],"e":[16.005,20],"to":[-0.16666667163372,0],"ti":[0.16666667163372,0]},{"i":{"x":0.667,"y":1},"o":{"x":0.167,"y":0},"n":"0p667_1_0p167_0","t":119,"s":[16.005,20],"e":[17.005,20],"to":[-0.16666667163372,0],"ti":[-0.16666667163372,0]},{"t":125.000005091354}],"ix":2},"a":{"a":0,"k":[0,0],"ix":1},"s":{"a":0,"k":[100,100],"ix":3},"r":{"a":0,"k":0,"ix":6},"o":{"a":0,"k":100,"ix":7},"sk":{"a":0,"k":0,"ix":4},"sa":{"a":0,"k":0,"ix":5},"nm":"Transform"}],"nm":"Group 3","np":2,"cix":2,"bm":0,"ix":3,"mn":"ADBE Vector Group","hd":false}],"ip":0,"op":150.000006109625,"st":0,"bm":0},{"ddd":0,"ind":5,"ty":4,"nm":"Shape Layer 1","sr":1,"ks":{"o":{"a":0,"k":100,"ix":11},"r":{"a":0,"k":0,"ix":10},"p":{"a":1,"k":[{"i":{"x":0.667,"y":1},"o":{"x":0.333,"y":0},"n":"0p667_1_0p333_0","t":26,"s":[96,-16,0],"e":[96,78,0],"to":[0,15.6666669845581,0],"ti":[-0.66666668653488,-17.8333339691162,0]},{"i":{"x":0.667,"y":1},"o":{"x":0.333,"y":0},"n":"0p667_1_0p333_0","t":30,"s":[96,78,0],"e":[100,91,0],"to":[0.66666668653488,17.8333339691162,0],"ti":[-0.66666668653488,6.66666650772095,0]},{"i":{"x":0.667,"y":1},"o":{"x":0.333,"y":0},"n":"0p667_1_0p333_0","t":37,"s":[100,91,0],"e":[100,38,0],"to":[0.66666668653488,-6.66666650772095,0],"ti":[0,8.83333301544189,0]},{"t":45.0000018328876}],"ix":2},"a":{"a":0,"k":[0,0,0],"ix":1},"s":{"a":1,"k":[{"i":{"x":[0.667,0.667,0.667],"y":[1,1,1]},"o":{"x":[0.333,0.333,0.333],"y":[0,0,0]},"n":["0p667_1_0p333_0","0p667_1_0p333_0","0p667_1_0p333_0"],"t":30,"s":[100,100,100],"e":[120,100,100]},{"i":{"x":[0.667,0.667,0.667],"y":[1,1,1]},"o":{"x":[0.333,0.333,0.333],"y":[0,0,0]},"n":["0p667_1_0p333_0","0p667_1_0p333_0","0p667_1_0p333_0"],"t":37,"s":[120,100,100],"e":[100,100,100]},{"t":43.0000017514259}],"ix":6}},"ao":0,"shapes":[{"ty":"gr","it":[{"ty":"rc","d":1,"s":{"a":0,"k":[32,32],"ix":2},"p":{"a":0,"k":[0,0],"ix":3},"r":{"a":0,"k":16,"ix":4},"nm":"Rectangle Path 1","mn":"ADBE Vector Shape - Rect","hd":false},{"ty":"fl","c":{"a":0,"k":[0.7843137254901961,0.5294117647058824,0.09803921568627451,1],"ix":4},"o":{"a":0,"k":100,"ix":5},"r":1,"bm":0,"nm":"Fill 1","mn":"ADBE Vector Graphic - Fill","hd":false},{"ty":"tr","p":{"a":0,"k":[-0.828,-1.148],"ix":2},"a":{"a":0,"k":[0,0],"ix":1},"s":{"a":0,"k":[100,100],"ix":3},"r":{"a":0,"k":0,"ix":6},"o":{"a":0,"k":100,"ix":7},"sk":{"a":0,"k":0,"ix":4},"sa":{"a":0,"k":0,"ix":5},"nm":"Transform"}],"nm":"Rectangle 1","np":2,"cix":2,"bm":0,"ix":1,"mn":"ADBE Vector Group","hd":false}],"ip":0,"op":45.0000018328876,"st":0,"bm":0}]}],"layers":[{"ddd":0,"ind":1,"ty":0,"nm":"Comp 1","refId":"comp_0","sr":1,"ks":{"o":{"a":0,"k":100,"ix":11},"r":{"a":0,"k":0,"ix":10},"p":{"a":0,"k":[64,64,0],"ix":2},"a":{"a":0,"k":[96,96,0],"ix":1},"s":{"a":0,"k":[66.666,66.666,100],"ix":6}},"ao":0,"w":192,"h":192,"ip":0,"op":150.000006109625,"st":0,"bm":0}],"markers":[]}