{"v":"4.8.0","meta":{"g":"LottieFiles AE ","a":"","k":"","d":"","tc":""},"fr":60,"ip":0,"op":60,"w":500,"h":500,"nm":"border-1/rejected","ddd":0,"assets":[],"layers":[{"ddd":0,"ind":1,"ty":4,"nm":"tick or check/rejected Outlines","sr":1,"ks":{"o":{"a":0,"k":100,"ix":11},"r":{"a":1,"k":[{"i":{"x":[0.667],"y":[1]},"o":{"x":[0.333],"y":[0]},"t":25,"s":[-26]},{"t":35,"s":[0]}],"ix":10},"p":{"a":0,"k":[250,250,0],"ix":2},"a":{"a":0,"k":[250,250,0],"ix":1},"s":{"a":1,"k":[{"i":{"x":[0.667,0.667,0.667],"y":[1,1,1]},"o":{"x":[0.333,0.333,0.333],"y":[0,0,0]},"t":25,"s":[23,23,100]},{"t":35,"s":[100,100,100]}],"ix":6}},"ao":0,"shapes":[{"ty":"gr","it":[{"ind":0,"ty":"sh","ix":1,"ks":{"a":0,"k":{"i":[[0,0],[3.2,-3.2],[0,0],[3.201,3.201],[0,0],[0,0],[3.201,3.201],[0,0],[-3.201,3.201],[0,0],[0,0],[-3.201,3.2],[0,0],[-3.2,-3.201],[0,0],[0,0],[-3.201,-3.201],[0,0],[3.2,-3.201],[0,0]],"o":[[3.2,3.204],[0,0],[-3.201,3.201],[0,0],[0,0],[-3.2,3.201],[0,0],[-3.201,-3.203],[0,0],[0,0],[-3.201,-3.204],[0,0],[3.203,-3.201],[0,0],[0,0],[3.203,-3.201],[0,0],[3.2,3.203],[0,0],[0,0]],"v":[[43.475,26.083],[43.475,37.677],[37.677,43.474],[26.083,43.474],[0.001,17.391],[-26.083,43.474],[-37.676,43.474],[-43.473,37.677],[-43.473,26.083],[-17.39,0],[-43.473,-26.083],[-43.473,-37.677],[-37.676,-43.474],[-26.083,-43.474],[0.001,-17.391],[26.083,-43.474],[37.677,-43.474],[43.475,-37.677],[43.475,-26.083],[17.391,0]],"c":true},"ix":2},"nm":"Path 1","mn":"ADBE Vector Shape - Group","hd":false},{"ty":"fl","c":{"a":0,"k":[1,1,1,1],"ix":4},"o":{"a":0,"k":100,"ix":5},"r":1,"bm":0,"nm":"Fill 1","mn":"ADBE Vector Graphic - Fill","hd":false},{"ty":"tr","p":{"a":0,"k":[249.007,250.012],"ix":2},"a":{"a":0,"k":[0,0],"ix":1},"s":{"a":0,"k":[100,100],"ix":3},"r":{"a":0,"k":0,"ix":6},"o":{"a":0,"k":100,"ix":7},"sk":{"a":0,"k":0,"ix":4},"sa":{"a":0,"k":0,"ix":5},"nm":"Transform"}],"nm":"Group 1","np":2,"cix":2,"bm":0,"ix":1,"mn":"ADBE Vector Group","hd":false}],"ip":25,"op":60,"st":0,"bm":0},{"ddd":0,"ind":2,"ty":4,"nm":"border-1/rejected Outlines","sr":1,"ks":{"o":{"a":0,"k":100,"ix":11},"r":{"a":0,"k":0,"ix":10},"p":{"a":0,"k":[250,250,0],"ix":2},"a":{"a":0,"k":[250,250,0],"ix":1},"s":{"a":1,"k":[{"i":{"x":[0.667,0.667,0.667],"y":[1,1,1]},"o":{"x":[0.333,0.333,0.333],"y":[0,0,0]},"t":0,"s":[0,0,100]},{"t":25,"s":[100,100,100]}],"ix":6}},"ao":0,"shapes":[{"ty":"gr","it":[{"ind":0,"ty":"sh","ix":1,"ks":{"a":0,"k":{"i":[[47.263,-12.664],[-12.664,-47.264],[-47.264,12.664],[12.664,47.263]],"o":[[-47.263,12.664],[12.664,47.263],[47.263,-12.664],[-12.664,-47.263]],"v":[[-22.968,-85.715],[-85.715,22.968],[22.967,85.715],[85.715,-22.967]],"c":true},"ix":2},"nm":"Path 1","mn":"ADBE Vector Shape - Group","hd":false},{"ind":1,"ty":"sh","ix":2,"ks":{"a":0,"k":{"i":[[49.556,-13.278],[13.279,49.556],[-49.554,13.278],[-13.278,-49.556]],"o":[[-49.554,13.279],[-13.278,-49.555],[49.556,-13.279],[13.279,49.555]],"v":[[24.08,89.872],[-89.872,24.08],[-24.082,-89.871],[89.871,-24.08]],"c":true},"ix":2},"nm":"Path 2","mn":"ADBE Vector Shape - Group","hd":false},{"ty":"mm","mm":1,"nm":"Merge Paths 1","mn":"ADBE Vector Filter - Merge","hd":false},{"ty":"fl","c":{"a":0,"k":[0.929411824544,0.109803929048,0.141176470588,1],"ix":4},"o":{"a":0,"k":100,"ix":5},"r":1,"bm":0,"nm":"Fill 1","mn":"ADBE Vector Graphic - Fill","hd":false},{"ty":"tr","p":{"a":0,"k":[251.763,249.773],"ix":2},"a":{"a":0,"k":[0,0],"ix":1},"s":{"a":0,"k":[100,100],"ix":3},"r":{"a":0,"k":0,"ix":6},"o":{"a":0,"k":100,"ix":7},"sk":{"a":0,"k":0,"ix":4},"sa":{"a":0,"k":0,"ix":5},"nm":"Transform"}],"nm":"Group 1","np":4,"cix":2,"bm":0,"ix":1,"mn":"ADBE Vector Group","hd":false}],"ip":0,"op":60,"st":0,"bm":0},{"ddd":0,"ind":3,"ty":4,"nm":"border-2/rejected Outlines","sr":1,"ks":{"o":{"a":0,"k":100,"ix":11},"r":{"a":0,"k":0,"ix":10},"p":{"a":0,"k":[250,250,0],"ix":2},"a":{"a":0,"k":[250,250,0],"ix":1},"s":{"a":1,"k":[{"i":{"x":[0.667,0.667,0.667],"y":[1,1,1]},"o":{"x":[0.333,0.333,0.333],"y":[0,0,0]},"t":0,"s":[0,0,100]},{"t":25,"s":[100,100,100]}],"ix":6}},"ao":0,"shapes":[{"ty":"gr","it":[{"ind":0,"ty":"sh","ix":1,"ks":{"a":0,"k":{"i":[[76.904,-20.606],[-20.607,-76.903],[-76.904,20.606],[20.606,76.904]],"o":[[-76.904,20.606],[20.606,76.904],[76.903,-20.606],[-20.607,-76.904]],"v":[[-37.371,-139.469],[-139.469,37.37],[37.371,139.47],[139.47,-37.371]],"c":true},"ix":2},"nm":"Path 1","mn":"ADBE Vector Shape - Group","hd":false},{"ind":1,"ty":"sh","ix":2,"ks":{"a":0,"k":{"i":[[79.196,-21.22],[21.221,79.196],[-79.195,21.22],[-21.22,-79.194]],"o":[[-79.195,21.22],[-21.22,-79.195],[79.196,-21.221],[21.22,79.196]],"v":[[38.484,143.626],[-143.626,38.484],[-38.485,-143.625],[143.626,-38.485]],"c":true},"ix":2},"nm":"Path 2","mn":"ADBE Vector Shape - Group","hd":false},{"ty":"mm","mm":1,"nm":"Merge Paths 1","mn":"ADBE Vector Filter - Merge","hd":false},{"ty":"fl","c":{"a":0,"k":[0.929411824544,0.109803929048,0.141176470588,1],"ix":4},"o":{"a":0,"k":100,"ix":5},"r":1,"bm":0,"nm":"Fill 1","mn":"ADBE Vector Graphic - Fill","hd":false},{"ty":"tr","p":{"a":0,"k":[251.763,249.773],"ix":2},"a":{"a":0,"k":[0,0],"ix":1},"s":{"a":0,"k":[100,100],"ix":3},"r":{"a":0,"k":0,"ix":6},"o":{"a":0,"k":100,"ix":7},"sk":{"a":0,"k":0,"ix":4},"sa":{"a":0,"k":0,"ix":5},"nm":"Transform"}],"nm":"Group 1","np":4,"cix":2,"bm":0,"ix":1,"mn":"ADBE Vector Group","hd":false}],"ip":0,"op":60,"st":0,"bm":0},{"ddd":0,"ind":4,"ty":4,"nm":"dark circle/rejected Outlines","sr":1,"ks":{"o":{"a":0,"k":100,"ix":11},"r":{"a":0,"k":0,"ix":10},"p":{"a":0,"k":[250,250,0],"ix":2},"a":{"a":0,"k":[250,250,0],"ix":1},"s":{"a":1,"k":[{"i":{"x":[0.667,0.667,0.667],"y":[1,1,1]},"o":{"x":[0.333,0.333,0.333],"y":[0,0,0]},"t":0,"s":[0,0,100]},{"t":25,"s":[100,100,100]}],"ix":6}},"ao":0,"shapes":[{"ty":"gr","it":[{"ind":0,"ty":"sh","ix":1,"ks":{"a":0,"k":{"i":[[0,-43.907],[43.907,0],[0,43.907],[-43.907,0]],"o":[[0,43.907],[-43.907,0],[0,-43.907],[43.907,0]],"v":[[79.5,0],[0,79.5],[-79.5,0],[0,-79.5]],"c":true},"ix":2},"nm":"Path 1","mn":"ADBE Vector Shape - Group","hd":false},{"ty":"fl","c":{"a":0,"k":[0.929411824544,0.109803929048,0.141176470588,1],"ix":4},"o":{"a":0,"k":100,"ix":5},"r":1,"bm":0,"nm":"Fill 1","mn":"ADBE Vector Graphic - Fill","hd":false},{"ty":"tr","p":{"a":0,"k":[251.5,250.5],"ix":2},"a":{"a":0,"k":[0,0],"ix":1},"s":{"a":0,"k":[100,100],"ix":3},"r":{"a":0,"k":0,"ix":6},"o":{"a":0,"k":100,"ix":7},"sk":{"a":0,"k":0,"ix":4},"sa":{"a":0,"k":0,"ix":5},"nm":"Transform"}],"nm":"Group 1","np":2,"cix":2,"bm":0,"ix":1,"mn":"ADBE Vector Group","hd":false}],"ip":0,"op":60,"st":0,"bm":0},{"ddd":0,"ind":5,"ty":4,"nm":"outer/rejected Outlines","sr":1,"ks":{"o":{"a":0,"k":100,"ix":11},"r":{"a":0,"k":0,"ix":10},"p":{"a":0,"k":[250,250,0],"ix":2},"a":{"a":0,"k":[250,250,0],"ix":1},"s":{"a":1,"k":[{"i":{"x":[0.667,0.667,0.667],"y":[1,1,1]},"o":{"x":[0.333,0.333,0.333],"y":[0,0,0]},"t":0,"s":[0,0,100]},{"t":25,"s":[100,100,100]}],"ix":6}},"ao":0,"shapes":[{"ty":"gr","it":[{"ind":0,"ty":"sh","ix":1,"ks":{"a":0,"k":{"i":[[82.749,-22.172],[22.173,82.749],[-82.748,22.173],[-22.172,-82.748]],"o":[[-82.749,22.172],[-22.172,-82.749],[82.749,-22.172],[22.172,82.749]],"v":[[40.027,149.344],[-149.95,39.662],[-40.267,-150.316],[149.71,-40.632]],"c":true},"ix":2},"nm":"Path 1","mn":"ADBE Vector Shape - Group","hd":false},{"ind":1,"ty":"sh","ix":2,"ks":{"a":0,"k":{"i":[[5.547,3.356],[0,0],[-2.286,5.215],[6.057,2.312],[-1.319,5.539],[6.372,1.194],[-0.308,5.685],[6.482,0.037],[0.712,5.649],[6.385,-1.121],[1.709,5.431],[6.082,-2.244],[2.652,5.039],[5.584,-3.294],[3.508,4.484],[4.906,-4.238],[4.253,3.786],[4.071,-5.045],[4.861,2.965],[3.105,-5.692],[5.312,2.05],[2.039,-6.154],[5.592,1.068],[0.907,-6.42],[5.694,0.052],[-0.254,-6.478],[5.611,-0.964],[-1.407,-6.329],[5.349,-1.951],[-2.515,-5.976],[4.914,-2.874],[0,0],[-3.54,-5.431],[4.323,-3.706],[-4.453,-4.712],[3.592,-4.419],[-5.223,-3.84],[2.744,-4.989],[-5.825,-2.846],[1.81,-5.398],[-6.239,-1.76],[0.817,-5.635],[-6.453,-0.618],[-0.203,-5.691],[-6.46,0.545],[-1.215,-5.562],[-6.259,1.689],[-2.189,-5.256],[-5.857,2.78],[-3.093,-4.781],[-5.266,3.781],[-3.896,-4.152],[-4.507,4.66],[-4.575,-3.389],[-3.602,5.39],[-5.107,-2.518],[-2.582,5.947],[-5.475,-1.566],[-1.478,6.312],[-5.666,-0.563],[-0.328,6.475],[-5.675,0.458],[0.834,6.429],[-5.502,1.463],[1.968,6.176],[0,0],[-5.153,2.423],[3.039,5.726],[-4.637,3.304],[4.013,5.091],[-3.973,4.078],[4.858,4.293],[-3.181,4.722]],"o":[[0,0],[-4.871,-2.948],[2.603,-5.937],[-5.319,-2.031],[1.501,-6.307],[-5.596,-1.048],[0.351,-6.474],[-5.694,-0.032],[-0.811,-6.433],[-5.608,0.985],[-1.946,-6.184],[-5.342,1.97],[-3.019,-5.737],[-4.905,2.892],[-3.995,-5.106],[-4.31,3.722],[-4.842,-4.311],[-3.575,4.432],[-5.534,-3.377],[-2.726,4.998],[-6.048,-2.334],[-1.79,5.405],[-6.368,-1.217],[-0.796,5.638],[-6.483,-0.061],[0.223,5.69],[-6.389,1.098],[1.236,5.558],[-6.091,2.222],[2.208,5.249],[0,0],[-5.595,3.274],[3.11,4.769],[-4.921,4.22],[3.911,4.137],[-4.088,5.031],[4.588,3.373],[-3.125,5.68],[5.116,2.5],[-2.061,6.147],[5.48,1.546],[-0.929,6.416],[5.668,0.542],[0.231,6.479],[5.674,-0.478],[1.384,6.334],[5.498,-1.484],[2.493,5.985],[5.144,-2.442],[3.521,5.444],[4.626,-3.32],[4.437,4.727],[3.958,-4.093],[5.209,3.859],[3.164,-4.734],[5.814,2.867],[2.267,-5.223],[6.233,1.782],[1.299,-5.544],[6.451,0.641],[0.287,-5.686],[6.462,-0.521],[-0.732,-5.646],[6.265,-1.667],[0,0],[-1.729,-5.425],[5.867,-2.758],[-2.67,-5.029],[5.28,-3.762],[-3.525,-4.472],[4.523,-4.644],[-4.266,-3.77],[3.621,-5.378]],"v":[[168.851,-45.794],[168.851,-45.794],[164.333,-60.059],[157.989,-75.215],[150.997,-88.445],[142.047,-102.226],[132.807,-113.993],[121.541,-125.955],[110.346,-135.882],[97.125,-145.64],[84.338,-153.411],[69.587,-160.65],[55.618,-166.012],[39.812,-170.502],[25.11,-173.285],[8.756,-174.88],[-6.207,-174.992],[-22.583,-173.641],[-37.325,-171.08],[-53.197,-166.826],[-67.244,-161.675],[-82.102,-154.656],[-95.003,-147.077],[-108.368,-137.519],[-119.71,-127.758],[-131.154,-115.968],[-140.57,-104.339],[-149.725,-90.693],[-156.913,-77.571],[-163.484,-62.51],[-168.214,-48.316],[-168.215,-48.316],[-171.991,-32.322],[-174.109,-17.511],[-174.969,-1.102],[-174.411,13.85],[-172.327,30.149],[-169.105,44.761],[-164.146,60.427],[-158.368,74.229],[-150.689,88.756],[-142.54,101.305],[-132.392,114.229],[-122.133,125.12],[-109.84,136.024],[-97.801,144.908],[-83.759,153.443],[-70.327,160.035],[-54.986,165.924],[-40.593,170.011],[-24.448,173.066],[-9.556,174.519],[6.876,174.643],[21.788,173.412],[37.977,170.6],[52.43,166.727],[67.857,161.068],[81.386,154.678],[95.554,146.355],[107.726,137.652],[120.18,126.933],[130.601,116.196],[140.942,103.425],[149.278,91.001],[157.172,76.589],[157.172,76.589],[163.156,62.874],[168.351,47.286],[171.788,32.723],[174.117,16.458],[174.899,1.516],[174.284,-14.906],[172.387,-29.747]],"c":true},"ix":2},"nm":"Path 2","mn":"ADBE Vector Shape - Group","hd":false},{"ty":"mm","mm":1,"nm":"Merge Paths 1","mn":"ADBE Vector Filter - Merge","hd":false},{"ty":"fl","c":{"a":0,"k":[0.929411824544,0.109803929048,0.141176470588,1],"ix":4},"o":{"a":0,"k":100,"ix":5},"r":1,"bm":0,"nm":"Fill 1","mn":"ADBE Vector Graphic - Fill","hd":false},{"ty":"tr","p":{"a":0,"k":[251.882,250.258],"ix":2},"a":{"a":0,"k":[0,0],"ix":1},"s":{"a":0,"k":[100,100],"ix":3},"r":{"a":0,"k":0,"ix":6},"o":{"a":0,"k":100,"ix":7},"sk":{"a":0,"k":0,"ix":4},"sa":{"a":0,"k":0,"ix":5},"nm":"Transform"}],"nm":"Group 1","np":4,"cix":2,"bm":0,"ix":1,"mn":"ADBE Vector Group","hd":false}],"ip":0,"op":60,"st":0,"bm":0},{"ddd":0,"ind":6,"ty":4,"nm":"selected text/rejected Outlines","sr":1,"ks":{"o":{"a":0,"k":100,"ix":11},"r":{"a":0,"k":0,"ix":10},"p":{"a":0,"k":[250,250,0],"ix":2},"a":{"a":0,"k":[250,250,0],"ix":1},"s":{"a":1,"k":[{"i":{"x":[0.667,0.667,0.667],"y":[1,1,1]},"o":{"x":[0.333,0.333,0.333],"y":[0,0,0]},"t":0,"s":[0,0,100]},{"t":25,"s":[100,100,100]}],"ix":6}},"ao":0,"shapes":[{"ty":"gr","it":[{"ind":0,"ty":"sh","ix":1,"ks":{"a":0,"k":{"i":[[0,0],[0,0],[0,0],[0,0]],"o":[[0,0],[0,0],[0,0],[0,0]],"v":[[2.901,2.459],[-3.801,0.057],[-2.899,-2.459],[3.801,-0.057]],"c":true},"ix":2},"nm":"Path 1","mn":"ADBE Vector Shape - Group","hd":false},{"ty":"fl","c":{"a":0,"k":[0.929411824544,0.109803929048,0.141176470588,1],"ix":4},"o":{"a":0,"k":100,"ix":5},"r":1,"bm":0,"nm":"Fill 1","mn":"ADBE Vector Graphic - Fill","hd":false},{"ty":"tr","p":{"a":0,"k":[212.822,357.123],"ix":2},"a":{"a":0,"k":[0,0],"ix":1},"s":{"a":0,"k":[100,100],"ix":3},"r":{"a":0,"k":0,"ix":6},"o":{"a":0,"k":100,"ix":7},"sk":{"a":0,"k":0,"ix":4},"sa":{"a":0,"k":0,"ix":5},"nm":"Transform"}],"nm":"Group 1","np":2,"cix":2,"bm":0,"ix":1,"mn":"ADBE Vector Group","hd":false},{"ty":"gr","it":[{"ind":0,"ty":"sh","ix":1,"ks":{"a":0,"k":{"i":[[0,0],[-0.265,0.205],[-0.029,0.444],[0,0],[0.279,0.236],[0.702,0.046],[0,0],[1.552,-0.92],[0.583,-1.195],[0.191,-2.923],[-1.375,-2.111],[-2.597,-0.171]],"o":[[0.526,0.035],[0.266,-0.206],[0,0],[0.028,-0.421],[-0.278,-0.235],[0,0],[-1.977,-0.13],[-1.015,0.613],[-0.799,1.615],[-0.284,4.327],[1.176,1.78],[0,0]],"v":[[1.855,11.499],[3.042,11.243],[3.486,10.268],[4.842,-10.43],[4.467,-11.415],[2.997,-11.837],[0.788,-11.981],[-4.505,-10.796],[-6.902,-8.082],[-8.387,-1.274],[-6.749,8.381],[-1.092,11.307]],"c":true},"ix":2},"nm":"Path 1","mn":"ADBE Vector Shape - Group","hd":false},{"ind":1,"ty":"sh","ix":2,"ks":{"a":0,"k":{"i":[[0,0],[0,0],[1.346,0.793],[1.074,2.149],[-0.186,2.829],[-0.848,1.823],[-1.211,1.001],[-1.672,0.43],[-2.046,-0.134],[0,0],[0,0],[0,0],[0.252,-0.183],[0.027,-0.42],[0,0],[-0.243,-0.234],[-0.456,-0.03],[0,0]],"o":[[0,0],[-1.987,-0.13],[-1.673,-1.003],[-1.074,-2.149],[0.153,-2.339],[0.643,-1.402],[1.211,-1.001],[1.254,-0.318],[0,0],[0,0],[0,0],[-0.621,-0.041],[-0.253,0.183],[0,0],[-0.024,0.364],[0.244,0.233],[0,0],[0,0]],"v":[[11.169,13.432],[-2.232,12.553],[-7.23,11.168],[-11.352,6.441],[-12.684,-1.027],[-11.184,-7.271],[-8.402,-10.876],[-4.077,-13.023],[0.874,-13.298],[12.87,-12.511],[12.785,-11.195],[10.329,-11.356],[9.02,-11.143],[8.6,-10.237],[7.23,10.653],[7.559,11.548],[8.607,11.942],[11.255,12.116]],"c":true},"ix":2},"nm":"Path 2","mn":"ADBE Vector Shape - Group","hd":false},{"ty":"mm","mm":1,"nm":"Merge Paths 1","mn":"ADBE Vector Filter - Merge","hd":false},{"ty":"fl","c":{"a":0,"k":[0.929411824544,0.109803929048,0.141176470588,1],"ix":4},"o":{"a":0,"k":100,"ix":5},"r":1,"bm":0,"nm":"Fill 1","mn":"ADBE Vector Graphic - Fill","hd":false},{"ty":"tr","p":{"a":0,"k":[244.92,363.153],"ix":2},"a":{"a":0,"k":[0,0],"ix":1},"s":{"a":0,"k":[100,100],"ix":3},"r":{"a":0,"k":0,"ix":6},"o":{"a":0,"k":100,"ix":7},"sk":{"a":0,"k":0,"ix":4},"sa":{"a":0,"k":0,"ix":5},"nm":"Transform"}],"nm":"Group 2","np":4,"cix":2,"bm":0,"ix":2,"mn":"ADBE Vector Group","hd":false},{"ty":"gr","it":[{"ind":0,"ty":"sh","ix":1,"ks":{"a":0,"k":{"i":[[0,0],[0,0],[0,0],[0,0],[-1.201,-0.891],[-1.597,0.307],[0,0],[-0.166,0.258],[0.085,0.449],[0,0],[0,0],[0.568,-0.981],[-0.273,-1.749],[0,0],[0,0],[0,0],[-0.902,-0.703],[-1.274,0.244],[0,0],[0,0],[0.286,0.148],[0.575,-0.109],[0,0],[-0.394,-5.605],[0,0],[0,0],[0,0],[0,0],[0,0],[0.231,-0.288],[-0.086,-0.449],[0,0],[-0.283,-0.173],[-0.517,0.1],[0,0]],"o":[[0,0],[0,0],[0,0],[0.981,2.628],[1.202,0.893],[0,0],[0.403,-0.077],[0.165,-0.258],[0,0],[0,0],[-1.169,0.224],[-0.568,0.979],[0,0],[0,0],[0,0],[0.433,1.945],[0.903,0.705],[0,0],[0,0],[-0.071,-0.368],[-0.284,-0.149],[0,0],[-4.288,0.821],[0,0],[0,0],[0,0],[0,0],[0,0],[-0.679,0.13],[-0.23,0.289],[0,0],[0.087,0.45],[0.284,0.172],[0,0],[0,0]],"v":[[12.968,10.829],[-7.266,14.704],[-9.4,6.182],[-8.244,5.961],[-4.971,11.24],[-0.773,12.118],[4.227,11.161],[5.078,10.658],[5.197,9.598],[3.454,0.499],[1.267,0.918],[-1.34,2.724],[-1.78,6.817],[-2.97,7.044],[-5.235,-4.781],[-4.044,-5.009],[-2.042,-1.035],[1.222,-0.344],[3.22,-0.727],[1.276,-10.878],[0.742,-11.652],[-0.546,-11.711],[-4.494,-10.954],[-10.335,-1.316],[-11.578,-1.078],[-12.968,-10.674],[8.078,-14.704],[8.325,-13.409],[6.582,-13.076],[5.216,-12.448],[4.999,-11.341],[8.873,8.893],[9.428,9.826],[10.63,9.935],[12.719,9.534]],"c":true},"ix":2},"nm":"Path 1","mn":"ADBE Vector Shape - Group","hd":false},{"ty":"fl","c":{"a":0,"k":[0.929411824544,0.109803929048,0.141176470588,1],"ix":4},"o":{"a":0,"k":100,"ix":5},"r":1,"bm":0,"nm":"Fill 1","mn":"ADBE Vector Graphic - Fill","hd":false},{"ty":"tr","p":{"a":0,"k":[272.733,360.944],"ix":2},"a":{"a":0,"k":[0,0],"ix":1},"s":{"a":0,"k":[100,100],"ix":3},"r":{"a":0,"k":0,"ix":6},"o":{"a":0,"k":100,"ix":7},"sk":{"a":0,"k":0,"ix":4},"sa":{"a":0,"k":0,"ix":5},"nm":"Transform"}],"nm":"Group 3","np":2,"cix":2,"bm":0,"ix":3,"mn":"ADBE Vector Group","hd":false},{"ty":"gr","it":[{"ind":0,"ty":"sh","ix":1,"ks":{"a":0,"k":{"i":[[0,0],[0,0],[0,0],[0,0],[-3.082,1.391],[-0.134,0.318],[0.22,0.493],[0,0],[0.306,0.08],[0.511,-0.231],[0,0],[0,0],[0,0],[0,0],[0,0],[0.109,-0.27],[-0.135,-0.299],[0,0],[-0.34,-0.098],[-0.545,0.245],[-0.375,1.931],[0.798,2.764],[0,0]],"o":[[0,0],[0,0],[0,0],[3.105,4.937],[0.621,-0.28],[0.133,-0.318],[0,0],[-0.173,-0.385],[-0.307,-0.08],[0,0],[0,0],[0,0],[0,0],[0,0],[-0.363,0.164],[-0.111,0.267],[0,0],[0.183,0.406],[0.339,0.096],[1.549,-0.699],[0.311,-1.594],[0,0],[0,0]],"v":[[12.893,6.585],[-6.349,15.269],[-10.856,6.523],[-9.751,6.023],[-0.47,11.342],[0.662,10.445],[0.531,9.231],[-8.017,-9.706],[-8.736,-10.403],[-9.964,-10.177],[-12.351,-9.099],[-12.894,-10.301],[-1.887,-15.269],[-1.345,-14.067],[-4.069,-12.838],[-4.778,-12.188],[-4.742,-11.339],[3.928,7.872],[4.712,8.628],[6.039,8.405],[8.925,4.46],[8.194,-2.075],[9.364,-2.603]],"c":true},"ix":2},"nm":"Path 1","mn":"ADBE Vector Shape - Group","hd":false},{"ty":"fl","c":{"a":0,"k":[0.929411824544,0.109803929048,0.141176470588,1],"ix":4},"o":{"a":0,"k":100,"ix":5},"r":1,"bm":0,"nm":"Fill 1","mn":"ADBE Vector Graphic - Fill","hd":false},{"ty":"tr","p":{"a":0,"k":[300.073,353.966],"ix":2},"a":{"a":0,"k":[0,0],"ix":1},"s":{"a":0,"k":[100,100],"ix":3},"r":{"a":0,"k":0,"ix":6},"o":{"a":0,"k":100,"ix":7},"sk":{"a":0,"k":0,"ix":4},"sa":{"a":0,"k":0,"ix":5},"nm":"Transform"}],"nm":"Group 4","np":2,"cix":2,"bm":0,"ix":4,"mn":"ADBE Vector Group","hd":false},{"ty":"gr","it":[{"ind":0,"ty":"sh","ix":1,"ks":{"a":0,"k":{"i":[[1.556,-0.017],[0,0],[0,0],[0,0],[0,0],[-1.78,-0.389],[-1.596,1.232],[0.103,2.377],[2.835,3.673],[2.496,0.665],[1.912,-1.476],[0.305,-1.945],[-1.324,-2.427],[0,0],[-0.375,2.391],[-2.115,1.632],[-2.1,0.243],[-2.108,-0.958],[-1.488,-1.93],[-0.504,-2.484],[0.684,-1.972],[1.596,-1.232],[1.072,-0.339]],"o":[[0,0],[0,0],[0,0],[0,0],[2.408,1.857],[2.217,0.494],[1.726,-1.331],[-0.103,-2.378],[-2.384,-3.09],[-2.116,-0.557],[-1.67,1.288],[-0.305,1.946],[0,0],[-1.603,-2.672],[0.376,-2.393],[1.717,-1.323],[2.099,-0.242],[2.107,0.957],[1.582,2.05],[0.502,2.484],[-0.685,1.972],[-0.891,0.687],[-1.071,0.338]],"v":[[1.503,11.297],[2.077,14.028],[1.201,14.704],[-5.549,6.702],[-4.616,5.983],[1.667,9.351],[7.386,8.246],[9.821,2.683],[5.415,-6.395],[-1.904,-12.028],[-7.947,-10.651],[-10.91,-5.802],[-9.381,0.756],[-10.369,1.519],[-12.209,-6.075],[-8.473,-12.111],[-2.749,-14.462],[3.561,-13.39],[8.955,-9.059],[12.082,-2.258],[11.809,4.424],[8.387,9.228],[5.444,10.766]],"c":true},"ix":2},"nm":"Path 1","mn":"ADBE Vector Shape - Group","hd":false},{"ty":"fl","c":{"a":0,"k":[0.929411824544,0.109803929048,0.141176470588,1],"ix":4},"o":{"a":0,"k":100,"ix":5},"r":1,"bm":0,"nm":"Fill 1","mn":"ADBE Vector Graphic - Fill","hd":false},{"ty":"tr","p":{"a":0,"k":[319.867,341.517],"ix":2},"a":{"a":0,"k":[0,0],"ix":1},"s":{"a":0,"k":[100,100],"ix":3},"r":{"a":0,"k":0,"ix":6},"o":{"a":0,"k":100,"ix":7},"sk":{"a":0,"k":0,"ix":4},"sa":{"a":0,"k":0,"ix":5},"nm":"Transform"}],"nm":"Group 5","np":2,"cix":2,"bm":0,"ix":5,"mn":"ADBE Vector Group","hd":false},{"ty":"gr","it":[{"ind":0,"ty":"sh","ix":1,"ks":{"a":0,"k":{"i":[[0,0],[0,0],[0,0],[0,0],[-1.493,0.11],[-1.012,1.275],[0,0],[0.044,0.303],[0.358,0.283],[0,0],[0,0],[-0.21,-1.113],[-1.35,-1.146],[0,0],[0,0],[0,0],[-1.144,0.054],[-0.807,1.016],[0,0],[0,0],[0.312,-0.073],[0.363,-0.458],[0,0],[-3.957,-3.989],[0,0],[0,0],[0,0],[0,0],[0,0],[-0.014,-0.37],[-0.359,-0.285],[0,0],[-0.327,0.054],[-0.327,0.414],[0,0]],"o":[[0,0],[0,0],[0,0],[2.458,1.352],[1.492,-0.109],[0,0],[0.255,-0.321],[-0.043,-0.304],[0,0],[0,0],[-0.74,0.934],[0.209,1.112],[0,0],[0,0],[0,0],[1.598,1.192],[1.142,-0.056],[0,0],[0,0],[-0.294,-0.233],[-0.314,0.073],[0,0],[-2.711,3.42],[0,0],[0,0],[0,0],[0,0],[0,0],[-0.429,0.541],[0.012,0.369],[0,0],[0.358,0.284],[0.327,-0.055],[0,0],[0,0]],"v":[[16.843,0.003],[4.044,16.147],[-3.135,11.084],[-2.403,10.16],[3.523,12.024],[7.277,9.949],[10.439,5.96],[10.754,5.024],[10.152,4.143],[2.893,-1.612],[1.51,0.132],[0.713,3.203],[3.052,6.59],[2.299,7.54],[-7.136,0.061],[-6.384,-0.89],[-2.272,0.815],[0.652,-0.794],[1.914,-2.388],[-6.185,-8.809],[-7.094,-9.048],[-8.108,-8.25],[-10.606,-5.099],[-8.739,6.014],[-9.524,7.006],[-16.842,0.645],[-3.53,-16.147],[-2.497,-15.328],[-3.6,-13.936],[-4.223,-12.569],[-3.666,-11.59],[12.478,1.207],[13.506,1.553],[14.488,0.85],[15.81,-0.815]],"c":true},"ix":2},"nm":"Path 1","mn":"ADBE Vector Shape - Group","hd":false},{"ty":"fl","c":{"a":0,"k":[0.929411824544,0.109803929048,0.141176470588,1],"ix":4},"o":{"a":0,"k":100,"ix":5},"r":1,"bm":0,"nm":"Fill 1","mn":"ADBE Vector Graphic - Fill","hd":false},{"ty":"tr","p":{"a":0,"k":[340.462,319.695],"ix":2},"a":{"a":0,"k":[0,0],"ix":1},"s":{"a":0,"k":[100,100],"ix":3},"r":{"a":0,"k":0,"ix":6},"o":{"a":0,"k":100,"ix":7},"sk":{"a":0,"k":0,"ix":4},"sa":{"a":0,"k":0,"ix":5},"nm":"Transform"}],"nm":"Group 6","np":2,"cix":2,"bm":0,"ix":6,"mn":"ADBE Vector Group","hd":false},{"ty":"gr","it":[{"ind":0,"ty":"sh","ix":1,"ks":{"a":0,"k":{"i":[[0,0],[0,0],[0,0],[0,0],[0.09,0.349],[0.399,0.196],[0,0],[0.665,1.027],[0.019,1.364],[-0.674,1.38],[-1.681,0.654],[-1.592,-0.775],[-0.413,-0.943],[0.425,-0.874],[0.683,-0.24],[0.705,0.342],[0.231,0.582],[-0.241,0.495],[-0.27,0.286],[-0.046,0.094],[0.095,0.178],[0.295,0.144],[1.035,-0.48],[0.563,-1.158],[-0.541,-1.202],[-1.633,-0.795],[0,0],[-0.342,0.18],[-0.327,0.674],[0,0]],"o":[[0,0],[0,0],[0,0],[0.282,-0.58],[-0.09,-0.352],[0,0],[-1.17,-0.569],[-0.666,-1.028],[-0.018,-1.366],[0.912,-1.876],[1.681,-0.654],[1.179,0.575],[0.413,0.945],[-0.349,0.717],[-0.684,0.24],[-0.611,-0.298],[-0.232,-0.582],[0.092,-0.189],[0.224,-0.243],[0.088,-0.179],[-0.091,-0.187],[-0.79,-0.385],[-1.035,0.48],[-0.643,1.317],[0.542,1.202],[0,0],[0.411,0.2],[0.342,-0.179],[0,0],[0,0]],"v":[[12.453,2.762],[7.418,13.098],[6.232,12.52],[6.948,11.051],[7.236,9.656],[6.501,8.837],[-8.652,1.454],[-11.405,-0.941],[-12.435,-4.532],[-11.453,-8.65],[-7.564,-12.444],[-2.655,-12.263],[-0.266,-9.985],[-0.285,-7.257],[-1.835,-5.821],[-3.918,-5.975],[-5.182,-7.296],[-5.168,-8.912],[-4.625,-9.625],[-4.221,-10.132],[-4.234,-10.667],[-4.815,-11.164],[-7.552,-11.022],[-9.952,-8.564],[-10.103,-4.785],[-6.84,-1.788],[8.125,5.504],[9.254,5.534],[10.259,4.255],[11.267,2.185]],"c":true},"ix":2},"nm":"Path 1","mn":"ADBE Vector Shape - Group","hd":false},{"ty":"fl","c":{"a":0,"k":[0.929411824544,0.109803929048,0.141176470588,1],"ix":4},"o":{"a":0,"k":100,"ix":5},"r":1,"bm":0,"nm":"Fill 1","mn":"ADBE Vector Graphic - Fill","hd":false},{"ty":"tr","p":{"a":0,"k":[353.882,299.908],"ix":2},"a":{"a":0,"k":[0,0],"ix":1},"s":{"a":0,"k":[100,100],"ix":3},"r":{"a":0,"k":0,"ix":6},"o":{"a":0,"k":100,"ix":7},"sk":{"a":0,"k":0,"ix":4},"sa":{"a":0,"k":0,"ix":5},"nm":"Transform"}],"nm":"Group 7","np":2,"cix":2,"bm":0,"ix":7,"mn":"ADBE Vector Group","hd":false},{"ty":"gr","it":[{"ind":0,"ty":"sh","ix":1,"ks":{"a":0,"k":{"i":[[0,0],[0,0],[0,0],[0,0],[-1.309,0.725],[-0.381,1.58],[0,0],[0.167,0.257],[0.444,0.109],[0,0],[0,0],[-0.657,-0.924],[-1.706,-0.474],[0,0],[0,0],[0,0],[-1.014,0.529],[-0.306,1.261],[0,0],[0,0],[0.252,-0.197],[0.137,-0.57],[0,0],[-5.266,-1.962],[0,0],[0,0],[0,0],[0,0],[0,0],[-0.168,-0.329],[-0.445,-0.107],[0,0],[-0.275,0.186],[-0.123,0.513],[0,0]],"o":[[0,0],[0,0],[0,0],[2.798,0.196],[1.309,-0.725],[0,0],[0.096,-0.398],[-0.167,-0.256],[0,0],[0,0],[-0.281,1.158],[0.656,0.922],[0,0],[0,0],[0,0],[1.949,0.411],[1.015,-0.529],[0,0],[0,0],[-0.364,-0.088],[-0.255,0.199],[0,0],[-1.028,4.242],[0,0],[0,0],[0,0],[0,0],[0,0],[-0.163,0.673],[0.167,0.331],[0,0],[0.444,0.106],[0.275,-0.187],[0,0],[0,0]],"v":[[15.156,-6.95],[10.306,13.072],[1.665,11.486],[1.942,10.341],[8.103,9.548],[10.64,6.091],[11.84,1.143],[11.734,0.16],[10.817,-0.388],[1.813,-2.568],[1.291,-0.404],[1.854,2.718],[5.398,4.812],[5.112,5.99],[-6.59,3.155],[-6.304,1.977],[-1.858,1.8],[0.123,-0.886],[0.601,-2.862],[-9.445,-5.296],[-10.369,-5.132],[-10.956,-3.981],[-11.903,-0.075],[-5.547,9.232],[-5.846,10.462],[-15.156,7.754],[-10.111,-13.072],[-8.829,-12.761],[-9.247,-11.036],[-9.24,-9.533],[-8.323,-8.877],[11.699,-4.025],[12.777,-4.144],[13.374,-5.193],[13.876,-7.261]],"c":true},"ix":2},"nm":"Path 1","mn":"ADBE Vector Shape - Group","hd":false},{"ty":"fl","c":{"a":0,"k":[0.929411824544,0.109803929048,0.141176470588,1],"ix":4},"o":{"a":0,"k":100,"ix":5},"r":1,"bm":0,"nm":"Fill 1","mn":"ADBE Vector Graphic - Fill","hd":false},{"ty":"tr","p":{"a":0,"k":[361.78,275.932],"ix":2},"a":{"a":0,"k":[0,0],"ix":1},"s":{"a":0,"k":[100,100],"ix":3},"r":{"a":0,"k":0,"ix":6},"o":{"a":0,"k":100,"ix":7},"sk":{"a":0,"k":0,"ix":4},"sa":{"a":0,"k":0,"ix":5},"nm":"Transform"}],"nm":"Group 8","np":2,"cix":2,"bm":0,"ix":8,"mn":"ADBE Vector Group","hd":false},{"ty":"gr","it":[{"ind":0,"ty":"sh","ix":1,"ks":{"a":0,"k":{"i":[[0,0],[0,0],[-0.783,-1.163],[-1.988,0.008],[-0.793,0.443],[-0.29,0.715],[0.009,2.097],[0.194,0.326],[0.467,-0.002]],"o":[[0,0],[0.007,2.062],[0.783,1.163],[1.371,-0.006],[0.793,-0.444],[0.289,-0.716],[-0.006,-1.383],[-0.195,-0.328],[0,0]],"v":[[1.136,-4.291],[1.15,-1.214],[2.337,3.623],[6.494,5.355],[9.739,4.682],[11.364,2.943],[11.784,-1.278],[11.484,-3.842],[10.49,-4.331]],"c":true},"ix":2},"nm":"Path 1","mn":"ADBE Vector Shape - Group","hd":false},{"ind":1,"ty":"sh","ix":2,"ks":{"a":0,"k":{"i":[[0,0],[0,0],[1.177,-1.44],[1.922,-0.009],[0.898,0.563],[0.538,1.071],[0.244,2.296],[0.436,-0.634],[0.696,-0.384],[2.142,-0.506],[0.561,-0.401],[-0.001,-0.352],[-0.534,-0.309],[-1.346,-0.063],[0,0],[0.012,2.717],[-0.431,0.63],[-0.843,0.321],[-2.683,0.316],[-0.654,0.385],[-0.395,0.81],[0.005,1.125],[0,0],[0,0],[0.175,-0.223],[-0.003,-0.598],[0,0],[0,0],[0,0],[0,0],[0,0],[-0.225,-0.263],[-0.387,0.002],[0,0],[-0.221,0.27],[0.003,0.55],[0,0]],"o":[[0,0],[0.011,2.602],[-1.177,1.441],[-1.147,0.004],[-0.9,-0.566],[-0.539,-1.07],[-0.451,1.673],[-0.437,0.632],[-0.696,0.383],[-1.535,0.363],[-0.432,0.306],[0.001,0.362],[0.535,0.308],[0,0],[-3.985,-0.206],[-0.004,-0.857],[0.43,-0.628],[0.632,-0.248],[1.557,-0.183],[0.655,-0.383],[0.394,-0.81],[0,0],[0,0],[-0.434,0.002],[-0.221,0.282],[0,0],[0,0],[0,0],[0,0],[0,0],[0.003,0.562],[0.222,0.263],[0,0],[0.446,-0.001],[0.221,-0.271],[0,0],[0,0]],"v":[[13.056,-12.27],[13.113,1.16],[11.364,7.223],[6.714,9.397],[3.644,8.559],[1.489,6.105],[0.316,1.057],[-1.014,4.518],[-2.713,6.041],[-6.969,7.375],[-10.112,8.52],[-10.758,9.507],[-9.954,10.514],[-7.131,11.074],[-7.125,12.27],[-13.12,7.884],[-12.479,5.656],[-10.569,4.232],[-5.598,3.385],[-2.28,2.535],[-0.705,0.745],[-0.12,-2.158],[-0.13,-4.285],[-10.342,-4.241],[-11.255,-3.903],[-11.583,-2.583],[-11.572,-0.088],[-12.89,-0.081],[-12.942,-12.158],[-11.624,-12.163],[-11.614,-9.613],[-11.273,-8.376],[-10.358,-7.984],[10.419,-8.074],[11.419,-8.482],[11.747,-9.715],[11.737,-12.263]],"c":true},"ix":2},"nm":"Path 2","mn":"ADBE Vector Shape - Group","hd":false},{"ty":"mm","mm":1,"nm":"Merge Paths 1","mn":"ADBE Vector Filter - Merge","hd":false},{"ty":"fl","c":{"a":0,"k":[0.929411824544,0.109803929048,0.141176470588,1],"ix":4},"o":{"a":0,"k":100,"ix":5},"r":1,"bm":0,"nm":"Fill 1","mn":"ADBE Vector Graphic - Fill","hd":false},{"ty":"tr","p":{"a":0,"k":[364.911,249.048],"ix":2},"a":{"a":0,"k":[0,0],"ix":1},"s":{"a":0,"k":[100,100],"ix":3},"r":{"a":0,"k":0,"ix":6},"o":{"a":0,"k":100,"ix":7},"sk":{"a":0,"k":0,"ix":4},"sa":{"a":0,"k":0,"ix":5},"nm":"Transform"}],"nm":"Group 9","np":4,"cix":2,"bm":0,"ix":9,"mn":"ADBE Vector Group","hd":false},{"ty":"gr","it":[{"ind":0,"ty":"sh","ix":1,"ks":{"a":0,"k":{"i":[[0,0],[0,0],[0,0],[0,0]],"o":[[0,0],[0,0],[0,0],[0,0]],"v":[[0.665,-3.744],[1.963,3.256],[-0.663,3.744],[-1.963,-3.256]],"c":true},"ix":2},"nm":"Path 1","mn":"ADBE Vector Shape - Group","hd":false},{"ty":"fl","c":{"a":0,"k":[0.929411824544,0.109803929048,0.141176470588,1],"ix":4},"o":{"a":0,"k":100,"ix":5},"r":1,"bm":0,"nm":"Fill 1","mn":"ADBE Vector Graphic - Fill","hd":false},{"ty":"tr","p":{"a":0,"k":[363.961,228.653],"ix":2},"a":{"a":0,"k":[0,0],"ix":1},"s":{"a":0,"k":[100,100],"ix":3},"r":{"a":0,"k":0,"ix":6},"o":{"a":0,"k":100,"ix":7},"sk":{"a":0,"k":0,"ix":4},"sa":{"a":0,"k":0,"ix":5},"nm":"Transform"}],"nm":"Group 10","np":2,"cix":2,"bm":0,"ix":10,"mn":"ADBE Vector Group","hd":false},{"ty":"gr","it":[{"ind":0,"ty":"sh","ix":1,"ks":{"a":0,"k":{"i":[[0,0],[0,0],[0,0],[0,0]],"o":[[0,0],[0,0],[0,0],[0,0]],"v":[[-2.676,-2.701],[3.792,0.275],[2.676,2.701],[-3.792,-0.272]],"c":true},"ix":2},"nm":"Path 1","mn":"ADBE Vector Shape - Group","hd":false},{"ty":"fl","c":{"a":0,"k":[0.929411824544,0.109803929048,0.141176470588,1],"ix":4},"o":{"a":0,"k":100,"ix":5},"r":1,"bm":0,"nm":"Fill 1","mn":"ADBE Vector Graphic - Fill","hd":false},{"ty":"tr","p":{"a":0,"k":[299.355,145.619],"ix":2},"a":{"a":0,"k":[0,0],"ix":1},"s":{"a":0,"k":[100,100],"ix":3},"r":{"a":0,"k":0,"ix":6},"o":{"a":0,"k":100,"ix":7},"sk":{"a":0,"k":0,"ix":4},"sa":{"a":0,"k":0,"ix":5},"nm":"Transform"}],"nm":"Group 11","np":2,"cix":2,"bm":0,"ix":11,"mn":"ADBE Vector Group","hd":false},{"ty":"gr","it":[{"ind":0,"ty":"sh","ix":1,"ks":{"a":0,"k":{"i":[[0,0],[0.282,-0.181],[0.067,-0.44],[0,0],[-0.258,-0.258],[-0.695,-0.106],[0,0],[-1.625,0.782],[-0.684,1.141],[-0.442,2.896],[1.19,2.219],[2.572,0.394]],"o":[[-0.521,-0.08],[-0.283,0.183],[0,0],[-0.065,0.417],[0.257,0.259],[0,0],[1.958,0.299],[1.064,-0.526],[0.935,-1.54],[0.656,-4.285],[-1.018,-1.875],[0,0]],"v":[[-0.397,-11.212],[-1.604,-11.06],[-2.128,-10.125],[-5.262,10.379],[-4.971,11.392],[-3.544,11.939],[-1.354,12.275],[4.02,11.549],[6.641,9.051],[8.707,2.396],[7.905,-7.363],[2.521,-10.767]],"c":true},"ix":2},"nm":"Path 1","mn":"ADBE Vector Shape - Group","hd":false},{"ind":1,"ty":"sh","ix":2,"ks":{"a":0,"k":{"i":[[0,0],[0,0],[-1.272,-0.905],[-0.886,-2.235],[0.43,-2.804],[1.002,-1.743],[1.292,-0.893],[1.704,-0.284],[2.026,0.31],[0,0],[0,0],[0,0],[-0.267,0.161],[-0.063,0.417],[0,0],[0.222,0.253],[0.452,0.068],[0,0]],"o":[[0,0],[1.969,0.301],[1.581,1.142],[0.883,2.233],[-0.354,2.316],[-0.762,1.343],[-1.293,0.894],[-1.277,0.209],[0,0],[0,0],[0,0],[0.614,0.093],[0.268,-0.161],[0,0],[0.055,-0.359],[-0.222,-0.253],[0,0],[0,0]],"v":[[-9.512,-13.939],[3.763,-11.91],[8.625,-10.099],[12.326,-5.035],[13.009,2.521],[10.977,8.611],[7.896,11.962],[3.401,13.729],[-1.553,13.577],[-13.439,11.762],[-13.24,10.457],[-10.807,10.831],[-9.486,10.729],[-8.988,9.863],[-5.827,-10.832],[-6.077,-11.75],[-7.087,-12.233],[-9.711,-12.635]],"c":true},"ix":2},"nm":"Path 2","mn":"ADBE Vector Shape - Group","hd":false},{"ty":"mm","mm":1,"nm":"Merge Paths 1","mn":"ADBE Vector Filter - Merge","hd":false},{"ty":"fl","c":{"a":0,"k":[0.929411824544,0.109803929048,0.141176470588,1],"ix":4},"o":{"a":0,"k":100,"ix":5},"r":1,"bm":0,"nm":"Fill 1","mn":"ADBE Vector Graphic - Fill","hd":false},{"ty":"tr","p":{"a":0,"k":[267.4,136.444],"ix":2},"a":{"a":0,"k":[0,0],"ix":1},"s":{"a":0,"k":[100,100],"ix":3},"r":{"a":0,"k":0,"ix":6},"o":{"a":0,"k":100,"ix":7},"sk":{"a":0,"k":0,"ix":4},"sa":{"a":0,"k":0,"ix":5},"nm":"Transform"}],"nm":"Group 12","np":4,"cix":2,"bm":0,"ix":12,"mn":"ADBE Vector Group","hd":false},{"ty":"gr","it":[{"ind":0,"ty":"sh","ix":1,"ks":{"a":0,"k":{"i":[[0,0],[0,0],[0,0],[0,0],[1.12,0.992],[1.617,-0.165],[0,0],[0.186,-0.242],[-0.047,-0.455],[0,0],[0,0],[-0.652,0.927],[0.122,1.767],[0,0],[0,0],[0,0],[0.837,0.78],[1.291,-0.131],[0,0],[0,0],[-0.271,-0.172],[-0.582,0.06],[0,0],[-0.094,5.618],[0,0],[0,0],[0,0],[0,0],[0,0],[-0.256,0.268],[0.047,0.455],[0,0],[0.268,0.195],[0.525,-0.053],[0,0]],"o":[[0,0],[0,0],[0,0],[-0.747,-2.704],[-1.119,-0.992],[0,0],[-0.407,0.041],[-0.187,0.244],[0,0],[0,0],[1.185,-0.122],[0.65,-0.926],[0,0],[0,0],[0,0],[-0.261,-1.977],[-0.838,-0.78],[0,0],[0,0],[0.038,0.373],[0.271,0.174],[0,0],[4.343,-0.445],[0,0],[0,0],[0,0],[0,0],[0,0],[0.689,-0.071],[0.255,-0.267],[0,0],[-0.046,-0.455],[-0.267,-0.198],[0,0],[0,0]],"v":[[-11.984,-11.88],[8.509,-13.982],[9.895,-5.306],[8.723,-5.186],[5.921,-10.73],[1.816,-11.97],[-3.249,-11.45],[-4.14,-11.024],[-4.35,-9.977],[-3.405,-0.761],[-1.189,-0.988],[1.565,-2.562],[2.358,-6.601],[3.564,-6.724],[4.794,5.254],[3.587,5.378],[1.938,1.244],[-1.255,0.271],[-3.277,0.48],[-2.222,10.763],[-1.758,11.58],[-0.48,11.749],[3.52,11.339],[10.174,2.245],[11.432,2.116],[11.984,11.796],[-9.331,13.982],[-9.465,12.671],[-7.7,12.491],[-6.285,11.982],[-5.972,10.899],[-8.075,-9.594],[-8.547,-10.57],[-9.734,-10.785],[-11.85,-10.568]],"c":true},"ix":2},"nm":"Path 1","mn":"ADBE Vector Shape - Group","hd":false},{"ty":"fl","c":{"a":0,"k":[0.929411824544,0.109803929048,0.141176470588,1],"ix":4},"o":{"a":0,"k":100,"ix":5},"r":1,"bm":0,"nm":"Fill 1","mn":"ADBE Vector Graphic - Fill","hd":false},{"ty":"tr","p":{"a":0,"k":[239.964,136.603],"ix":2},"a":{"a":0,"k":[0,0],"ix":1},"s":{"a":0,"k":[100,100],"ix":3},"r":{"a":0,"k":0,"ix":6},"o":{"a":0,"k":100,"ix":7},"sk":{"a":0,"k":0,"ix":4},"sa":{"a":0,"k":0,"ix":5},"nm":"Transform"}],"nm":"Group 13","np":2,"cix":2,"bm":0,"ix":13,"mn":"ADBE Vector Group","hd":false},{"ty":"gr","it":[{"ind":0,"ty":"sh","ix":1,"ks":{"a":0,"k":{"i":[[0,0],[0,0],[0,0],[0,0],[3.191,-1.12],[0.161,-0.305],[-0.179,-0.508],[0,0],[-0.298,-0.106],[-0.53,0.186],[0,0],[0,0],[0,0],[0,0],[0,0],[-0.133,0.257],[0.109,0.311],[0,0],[0.33,0.127],[0.564,-0.198],[0.542,-1.891],[-0.557,-2.823],[0,0]],"o":[[0,0],[0,0],[0,0],[-2.667,-5.187],[-0.643,0.226],[-0.161,0.305],[0,0],[0.139,0.397],[0.299,0.107],[0,0],[0,0],[0,0],[0,0],[0,0],[0.376,-0.132],[0.133,-0.258],[0,0],[-0.146,-0.421],[-0.33,-0.125],[-1.603,0.562],[-0.446,1.561],[0,0],[0,0]],"v":[[-12.117,-8.026],[7.803,-15.019],[11.538,-5.916],[10.394,-5.514],[1.606,-11.614],[0.401,-10.818],[0.428,-9.598],[7.31,10.007],[7.966,10.763],[9.21,10.643],[11.681,9.775],[12.117,11.02],[0.724,15.019],[0.287,13.776],[3.106,12.786],[3.87,12.202],[3.906,11.35],[-3.075,-8.536],[-3.791,-9.357],[-5.132,-9.248],[-8.348,-5.568],[-8.182,1.007],[-9.393,1.432]],"c":true},"ix":2},"nm":"Path 1","mn":"ADBE Vector Shape - Group","hd":false},{"ty":"fl","c":{"a":0,"k":[0.929411824544,0.109803929048,0.141176470588,1],"ix":4},"o":{"a":0,"k":100,"ix":5},"r":1,"bm":0,"nm":"Fill 1","mn":"ADBE Vector Graphic - Fill","hd":false},{"ty":"tr","p":{"a":0,"k":[211.969,141.577],"ix":2},"a":{"a":0,"k":[0,0],"ix":1},"s":{"a":0,"k":[100,100],"ix":3},"r":{"a":0,"k":0,"ix":6},"o":{"a":0,"k":100,"ix":7},"sk":{"a":0,"k":0,"ix":4},"sa":{"a":0,"k":0,"ix":5},"nm":"Transform"}],"nm":"Group 14","np":2,"cix":2,"bm":0,"ix":14,"mn":"ADBE Vector Group","hd":false},{"ty":"gr","it":[{"ind":0,"ty":"sh","ix":1,"ks":{"a":0,"k":{"i":[[-1.552,-0.117],[0,0],[0,0],[0,0],[0,0],[1.739,0.54],[1.696,-1.09],[0.102,-2.377],[-2.508,-3.904],[-2.43,-0.877],[-2.031,1.304],[-0.471,1.911],[1.11,2.531],[0,0],[0.58,-2.351],[2.248,-1.443],[2.112,-0.061],[2.018,1.136],[1.318,2.052],[0.286,2.517],[-0.852,1.906],[-1.695,1.089],[-1.095,0.245]],"o":[[0,0],[0,0],[0,0],[0,0],[-2.241,-2.057],[-2.166,-0.684],[-1.834,1.178],[-0.102,2.378],[2.108,3.284],[2.061,0.737],[1.776,-1.14],[0.471,-1.912],[0,0],[1.367,2.8],[-0.58,2.35],[-1.825,1.173],[-2.113,0.061],[-2.016,-1.135],[-1.399,-2.179],[-0.287,-2.518],[0.851,-1.904],[0.946,-0.608],[1.097,-0.244]],"v":[[-0.378,-11.36],[-0.716,-14.131],[0.216,-14.729],[6.253,-6.176],[5.262,-5.54],[-0.708,-9.435],[-6.502,-8.827],[-9.406,-3.493],[-5.798,5.93],[1.01,12.171],[7.148,11.32],[10.518,6.743],[9.56,0.078],[10.609,-0.597],[11.789,7.128],[7.548,12.818],[1.643,14.668],[-4.552,13.058],[-9.554,8.279],[-12.083,1.235],[-11.236,-5.4],[-7.415,-9.891],[-4.351,-11.17]],"c":true},"ix":2},"nm":"Path 1","mn":"ADBE Vector Shape - Group","hd":false},{"ty":"fl","c":{"a":0,"k":[0.929411824544,0.109803929048,0.141176470588,1],"ix":4},"o":{"a":0,"k":100,"ix":5},"r":1,"bm":0,"nm":"Fill 1","mn":"ADBE Vector Graphic - Fill","hd":false},{"ty":"tr","p":{"a":0,"k":[191.195,151.896],"ix":2},"a":{"a":0,"k":[0,0],"ix":1},"s":{"a":0,"k":[100,100],"ix":3},"r":{"a":0,"k":0,"ix":6},"o":{"a":0,"k":100,"ix":7},"sk":{"a":0,"k":0,"ix":4},"sa":{"a":0,"k":0,"ix":5},"nm":"Transform"}],"nm":"Group 15","np":2,"cix":2,"bm":0,"ix":15,"mn":"ADBE Vector Group","hd":false},{"ty":"gr","it":[{"ind":0,"ty":"sh","ix":1,"ks":{"a":0,"k":{"i":[[0,0],[0,0],[0,0],[0,0],[1.496,0.021],[1.117,-1.182],[0,0],[-0.018,-0.306],[-0.332,-0.315],[0,0],[0,0],[0.112,1.126],[1.247,1.258],[0,0],[0,0],[0,0],[1.144,0.043],[0.89,-0.944],[0,0],[0,0],[-0.317,0.047],[-0.403,0.425],[0,0],[3.597,4.316],[0,0],[0,0],[0,0],[0,0],[0,0],[-0.018,0.368],[0.332,0.314],[0,0],[0.33,-0.026],[0.362,-0.383],[0,0]],"o":[[0,0],[0,0],[0,0],[-2.332,-1.559],[-1.497,-0.02],[0,0],[-0.281,0.298],[0.018,0.306],[0,0],[0,0],[0.818,-0.867],[-0.113,-1.127],[0,0],[0,0],[0,0],[-1.489,-1.325],[-1.143,-0.045],[0,0],[0,0],[0.273,0.258],[0.318,-0.045],[0,0],[2.998,-3.174],[0,0],[0,0],[0,0],[0,0],[0,0],[0.475,-0.503],[0.019,-0.371],[0,0],[-0.332,-0.314],[-0.331,0.025],[0,0],[0,0]],"v":[[-16.806,-1.441],[-2.658,-16.415],[4.056,-10.748],[3.248,-9.893],[-2.493,-12.262],[-6.413,-10.52],[-9.91,-6.82],[-10.306,-5.915],[-9.783,-4.984],[-3.048,1.378],[-1.52,-0.24],[-0.459,-3.23],[-2.497,-6.807],[-1.663,-7.691],[7.089,0.58],[6.256,1.462],[2.307,-0.591],[-0.744,0.758],[-2.141,2.236],[5.372,9.334],[6.257,9.65],[7.337,8.943],[10.097,6.021],[9.2,-5.212],[10.069,-6.131],[16.807,0.84],[2.09,16.415],[1.133,15.508],[2.352,14.219],[3.092,12.912],[2.622,11.886],[-12.354,-2.262],[-13.347,-2.695],[-14.387,-2.081],[-15.847,-0.535]],"c":true},"ix":2},"nm":"Path 1","mn":"ADBE Vector Shape - Group","hd":false},{"ty":"fl","c":{"a":0,"k":[0.929411824544,0.109803929048,0.141176470588,1],"ix":4},"o":{"a":0,"k":100,"ix":5},"r":1,"bm":0,"nm":"Fill 1","mn":"ADBE Vector Graphic - Fill","hd":false},{"ty":"tr","p":{"a":0,"k":[168.973,171.86],"ix":2},"a":{"a":0,"k":[0,0],"ix":1},"s":{"a":0,"k":[100,100],"ix":3},"r":{"a":0,"k":0,"ix":6},"o":{"a":0,"k":100,"ix":7},"sk":{"a":0,"k":0,"ix":4},"sa":{"a":0,"k":0,"ix":5},"nm":"Transform"}],"nm":"Group 16","np":2,"cix":2,"bm":0,"ix":16,"mn":"ADBE Vector Group","hd":false},{"ty":"gr","it":[{"ind":0,"ty":"sh","ix":1,"ks":{"a":0,"k":{"i":[[0,0],[0,0],[0,0],[0,0],[-0.06,-0.357],[-0.381,-0.229],[0,0],[-0.573,-1.083],[0.101,-1.362],[0.79,-1.316],[1.732,-0.505],[1.518,0.91],[0.329,0.977],[-0.5,0.834],[-0.702,0.181],[-0.674,-0.404],[-0.179,-0.599],[0.283,-0.473],[0.294,-0.262],[0.054,-0.09],[-0.081,-0.185],[-0.281,-0.169],[-1.074,0.388],[-0.663,1.107],[0.434,1.246],[1.559,0.935],[0,0],[0.355,-0.148],[0.387,-0.643],[0,0]],"o":[[0,0],[0,0],[0,0],[-0.331,0.552],[0.058,0.357],[0,0],[1.115,0.67],[0.574,1.082],[-0.099,1.362],[-1.073,1.789],[-1.731,0.506],[-1.125,-0.677],[-0.33,-0.976],[0.411,-0.683],[0.704,-0.179],[0.582,0.349],[0.18,0.601],[-0.108,0.181],[-0.243,0.222],[-0.103,0.171],[0.073,0.195],[0.754,0.451],[1.073,-0.389],[0.754,-1.255],[-0.435,-1.244],[0,0],[-0.392,-0.235],[-0.357,0.149],[0,0],[0,0]],"v":[[-12.128,-3.769],[-6.214,-13.627],[-5.083,-12.948],[-5.924,-11.546],[-6.333,-10.183],[-5.672,-9.304],[8.783,-0.63],[11.316,1.998],[12.027,5.664],[10.693,9.68],[6.486,13.121],[1.613,12.514],[-0.568,10.035],[-0.312,7.319],[1.355,6.024],[3.421,6.361],[4.563,7.785],[4.408,9.394],[3.805,10.057],[3.359,10.527],[3.326,11.061],[3.859,11.607],[6.6,11.703],[9.204,9.462],[9.684,5.711],[6.693,2.442],[-7.579,-6.124],[-8.701,-6.254],[-9.814,-5.065],[-10.999,-3.091]],"c":true},"ix":2},"nm":"Path 1","mn":"ADBE Vector Shape - Group","hd":false},{"ty":"fl","c":{"a":0,"k":[0.929411824544,0.109803929048,0.141176470588,1],"ix":4},"o":{"a":0,"k":100,"ix":5},"r":1,"bm":0,"nm":"Fill 1","mn":"ADBE Vector Graphic - Fill","hd":false},{"ty":"tr","p":{"a":0,"k":[153.82,190.362],"ix":2},"a":{"a":0,"k":[0,0],"ix":1},"s":{"a":0,"k":[100,100],"ix":3},"r":{"a":0,"k":0,"ix":6},"o":{"a":0,"k":100,"ix":7},"sk":{"a":0,"k":0,"ix":4},"sa":{"a":0,"k":0,"ix":5},"nm":"Transform"}],"nm":"Group 17","np":2,"cix":2,"bm":0,"ix":17,"mn":"ADBE Vector Group","hd":false},{"ty":"gr","it":[{"ind":0,"ty":"sh","ix":1,"ks":{"a":0,"k":{"i":[[0,0],[0,0],[0,0],[0,0],[1.367,-0.609],[0.518,-1.542],[0,0],[-0.143,-0.271],[-0.433,-0.145],[0,0],[0,0],[0.574,0.976],[1.66,0.618],[0,0],[0,0],[0,0],[1.056,-0.44],[0.413,-1.229],[0,0],[0,0],[-0.269,0.175],[-0.186,0.555],[0,0],[5.076,2.406],[0,0],[0,0],[0,0],[0,0],[0,0],[0.139,0.343],[0.432,0.145],[0,0],[0.289,-0.162],[0.169,-0.501],[0,0]],"o":[[0,0],[0,0],[0,0],[-2.77,-0.437],[-1.366,0.61],[0,0],[-0.13,0.388],[0.145,0.27],[0,0],[0,0],[0.379,-1.129],[-0.574,-0.977],[0,0],[0,0],[0,0],[-1.907,-0.579],[-1.056,0.44],[0,0],[0,0],[0.356,0.119],[0.268,-0.175],[0,0],[1.388,-4.139],[0,0],[0,0],[0,0],[0,0],[0,0],[0.22,-0.655],[-0.138,-0.344],[0,0],[-0.433,-0.145],[-0.289,0.163],[0,0],[0,0]],"v":[[-15.732,5.63],[-9.176,-13.901],[-0.704,-11.577],[-1.081,-10.459],[-7.286,-10.202],[-10.112,-6.975],[-11.732,-2.148],[-11.712,-1.16],[-10.845,-0.537],[-2.062,2.411],[-1.354,0.3],[-1.648,-2.857],[-4.999,-5.249],[-4.613,-6.399],[6.802,-2.568],[6.416,-1.417],[1.971,-1.624],[-0.232,0.881],[-0.879,2.808],[8.918,6.098],[9.856,6.014],[10.538,4.92],[11.818,1.108],[6.288,-8.71],[6.69,-9.91],[15.732,-6.411],[8.913,13.901],[7.663,13.483],[8.229,11.799],[8.352,10.302],[7.495,9.568],[-12.036,3.012],[-13.12,3.038],[-13.807,4.033],[-14.482,6.048]],"c":true},"ix":2},"nm":"Path 1","mn":"ADBE Vector Shape - Group","hd":false},{"ty":"fl","c":{"a":0,"k":[0.929411824544,0.109803929048,0.141176470588,1],"ix":4},"o":{"a":0,"k":100,"ix":5},"r":1,"bm":0,"nm":"Fill 1","mn":"ADBE Vector Graphic - Fill","hd":false},{"ty":"tr","p":{"a":0,"k":[143.954,213.589],"ix":2},"a":{"a":0,"k":[0,0],"ix":1},"s":{"a":0,"k":[100,100],"ix":3},"r":{"a":0,"k":0,"ix":6},"o":{"a":0,"k":100,"ix":7},"sk":{"a":0,"k":0,"ix":4},"sa":{"a":0,"k":0,"ix":5},"nm":"Transform"}],"nm":"Group 18","np":2,"cix":2,"bm":0,"ix":18,"mn":"ADBE Vector Group","hd":false},{"ty":"gr","it":[{"ind":0,"ty":"sh","ix":1,"ks":{"a":0,"k":{"i":[[0,0],[0,0],[0.68,1.226],[1.981,0.164],[0.829,-0.372],[0.351,-0.689],[0.173,-2.091],[-0.166,-0.343],[-0.467,-0.039]],"o":[[0,0],[0.17,-2.056],[-0.678,-1.226],[-1.365,-0.113],[-0.829,0.373],[-0.35,0.688],[-0.114,1.378],[0.165,0.343],[0,0]],"v":[[-1.458,3.359],[-1.204,0.295],[-1.969,-4.628],[-5.96,-6.714],[-9.249,-6.326],[-11.02,-4.733],[-11.805,-0.565],[-11.728,2.016],[-10.78,2.589]],"c":true},"ix":2},"nm":"Path 1","mn":"ADBE Vector Shape - Group","hd":false},{"ind":1,"ty":"sh","ix":2,"ks":{"a":0,"k":{"i":[[0,0],[0,0],[-1.298,1.333],[-1.915,-0.159],[-0.846,-0.64],[-0.444,-1.113],[-0.045,-2.308],[-0.49,0.593],[-0.726,0.321],[-2.178,0.319],[-0.593,0.351],[-0.029,0.35],[0.506,0.354],[1.337,0.181],[0,0],[0.223,-2.709],[0.483,-0.589],[0.868,-0.246],[2.699,-0.082],[0.685,-0.325],[0.465,-0.773],[0.092,-1.121],[0,0],[0,0],[-0.193,0.207],[-0.049,0.596],[0,0],[0,0],[0,0],[0,0],[0,0],[0.2,0.281],[0.385,0.032],[0,0],[0.244,-0.25],[0.045,-0.548],[0,0]],"o":[[0,0],[0.214,-2.593],[1.298,-1.332],[1.144,0.094],[0.847,0.641],[0.442,1.113],[0.594,-1.628],[0.49,-0.593],[0.727,-0.321],[1.559,-0.228],[0.457,-0.267],[0.029,-0.362],[-0.506,-0.352],[0,0],[3.952,0.55],[-0.072,0.853],[-0.484,0.589],[-0.651,0.193],[-1.567,0.047],[-0.685,0.326],[-0.462,0.773],[0,0],[0,0],[0.433,0.036],[0.246,-0.262],[0,0],[0,0],[0,0],[0,0],[0,0],[0.047,-0.561],[-0.199,-0.281],[0,0],[-0.445,-0.036],[-0.245,0.25],[0,0],[0,0]],"v":[[-14.025,10.275],[-12.917,-3.109],[-10.648,-8.998],[-5.827,-10.759],[-2.842,-9.658],[-0.907,-7.027],[-0.176,-1.896],[1.449,-5.227],[3.272,-6.598],[7.63,-7.559],[10.858,-8.426],[11.589,-9.353],[10.874,-10.427],[8.109,-11.228],[8.208,-12.419],[13.801,-7.53],[12.969,-5.367],[10.942,-4.115],[5.917,-3.702],[2.537,-3.145],[0.812,-1.496],[-0.021,1.345],[-0.197,3.464],[9.98,4.307],[10.919,4.049],[11.361,2.763],[11.566,0.276],[12.88,0.385],[11.884,12.42],[10.57,12.311],[10.781,9.771],[10.55,8.508],[9.673,8.038],[-11.034,6.324],[-12.066,6.645],[-12.501,7.842],[-12.711,10.383]],"c":true},"ix":2},"nm":"Path 2","mn":"ADBE Vector Shape - Group","hd":false},{"ty":"mm","mm":1,"nm":"Merge Paths 1","mn":"ADBE Vector Filter - Merge","hd":false},{"ty":"fl","c":{"a":0,"k":[0.929411824544,0.109803929048,0.141176470588,1],"ix":4},"o":{"a":0,"k":100,"ix":5},"r":1,"bm":0,"nm":"Fill 1","mn":"ADBE Vector Graphic - Fill","hd":false},{"ty":"tr","p":{"a":0,"k":[138.438,240.958],"ix":2},"a":{"a":0,"k":[0,0],"ix":1},"s":{"a":0,"k":[100,100],"ix":3},"r":{"a":0,"k":0,"ix":6},"o":{"a":0,"k":100,"ix":7},"sk":{"a":0,"k":0,"ix":4},"sa":{"a":0,"k":0,"ix":5},"nm":"Transform"}],"nm":"Group 19","np":4,"cix":2,"bm":0,"ix":19,"mn":"ADBE Vector Group","hd":false},{"ty":"gr","it":[{"ind":0,"ty":"sh","ix":1,"ks":{"a":0,"k":{"i":[[0,0],[0,0],[0,0],[0,0]],"o":[[0,0],[0,0],[0,0],[0,0]],"v":[[-0.637,3.749],[-1.987,-3.241],[0.636,-3.749],[1.987,3.242]],"c":true},"ix":2},"nm":"Path 1","mn":"ADBE Vector Shape - Group","hd":false},{"ty":"fl","c":{"a":0,"k":[0.929411824544,0.109803929048,0.141176470588,1],"ix":4},"o":{"a":0,"k":100,"ix":5},"r":1,"bm":0,"nm":"Fill 1","mn":"ADBE Vector Graphic - Fill","hd":false},{"ty":"tr","p":{"a":0,"k":[139.193,271.16],"ix":2},"a":{"a":0,"k":[0,0],"ix":1},"s":{"a":0,"k":[100,100],"ix":3},"r":{"a":0,"k":0,"ix":6},"o":{"a":0,"k":100,"ix":7},"sk":{"a":0,"k":0,"ix":4},"sa":{"a":0,"k":0,"ix":5},"nm":"Transform"}],"nm":"Group 20","np":2,"cix":2,"bm":0,"ix":20,"mn":"ADBE Vector Group","hd":false}],"ip":0,"op":60,"st":0,"bm":0}],"markers":[]}