{"v":"5.5.9","fr":60,"ip":0,"op":148,"w":64,"h":64,"nm":"天气-暴雨","ddd":0,"assets":[],"layers":[{"ddd":0,"ind":1,"ty":4,"nm":"“云朵”轮廓","sr":1,"ks":{"o":{"a":0,"k":100,"ix":11},"r":{"a":0,"k":0,"ix":10},"p":{"a":0,"k":[32.08,21.04,0],"ix":2},"a":{"a":0,"k":[81.5,53.2,0],"ix":1},"s":{"a":0,"k":[32,32,100],"ix":6}},"ao":0,"shapes":[{"ty":"gr","it":[{"ind":0,"ty":"sh","ix":1,"ks":{"a":0,"k":{"i":[[0,20],[8,6.9],[0,1.1],[20.7,0],[0,-20.6],[-0.1,-0.4],[5.5,0],[0,-19.6],[-19.201,-0.6],[0,0],[0,0],[0,0]],"o":[[0,-11.3],[0.101,-1.1],[0,-20.6],[-20.701,0],[0,0.4],[-4.7,-2.3],[-19.8,-0.1],[0,19.3],[0,0],[0,0],[0,0],[19.8,-0.8]],"v":[[69.45,15.75],[56.349,-12.55],[56.55,-15.75],[19.05,-52.95],[-18.35,-15.65],[-18.25,-14.55],[-33.75,-18.15],[-69.45,17.35],[-34.95,52.85],[-34.95,52.95],[33.75,52.95],[33.75,52.85]],"c":true},"ix":2},"nm":"路径 1","mn":"ADBE Vector Shape - Group","hd":false},{"ty":"fl","c":{"a":0,"k":[0.4,0.4,0.4,1],"ix":4},"o":{"a":0,"k":100,"ix":5},"r":1,"bm":0,"nm":"填充 1","mn":"ADBE Vector Graphic - Fill","hd":false},{"ty":"tr","p":{"a":0,"k":[69.7,53.2],"ix":2},"a":{"a":0,"k":[0,0],"ix":1},"s":{"a":0,"k":[100,100],"ix":3},"r":{"a":0,"k":0,"ix":6},"o":{"a":0,"k":100,"ix":7},"sk":{"a":0,"k":0,"ix":4},"sa":{"a":0,"k":0,"ix":5},"nm":"变换"}],"nm":"组 1","np":2,"cix":2,"bm":0,"ix":1,"mn":"ADBE Vector Group","hd":false},{"ty":"gr","it":[{"ind":0,"ty":"sh","ix":1,"ks":{"a":0,"k":{"i":[[0,19.5],[20.7,0],[0,-19.6],[0,0],[0,0]],"o":[[0,-19.6],[-20.7,0],[0,0],[0,0],[20.6,-0.2]],"v":[[37.5,0],[0,-35.5],[-37.5,0],[-37.5,35.5],[0.4,35.5]],"c":true},"ix":2},"nm":"路径 1","mn":"ADBE Vector Shape - Group","hd":false},{"ty":"fl","c":{"a":0,"k":[0.25882352941176473,0.25882352941176473,0.25882352941176473,1],"ix":4},"o":{"a":0,"k":100,"ix":5},"r":1,"bm":0,"nm":"填充 1","mn":"ADBE Vector Graphic - Fill","hd":false},{"ty":"tr","p":{"a":0,"k":[125.25,70.65],"ix":2},"a":{"a":0,"k":[0,0],"ix":1},"s":{"a":0,"k":[100,100],"ix":3},"r":{"a":0,"k":0,"ix":6},"o":{"a":0,"k":100,"ix":7},"sk":{"a":0,"k":0,"ix":4},"sa":{"a":0,"k":0,"ix":5},"nm":"变换"}],"nm":"组 2","np":2,"cix":2,"bm":0,"ix":2,"mn":"ADBE Vector Group","hd":false}],"ip":0,"op":150,"st":0,"bm":0},{"ddd":0,"ind":2,"ty":4,"nm":"“天气-雷雨”轮廓 2","sr":1,"ks":{"o":{"a":1,"k":[{"i":{"x":[0.833],"y":[0.833]},"o":{"x":[0.167],"y":[0.167]},"t":56,"s":[0]},{"i":{"x":[0.833],"y":[0.833]},"o":{"x":[0.167],"y":[0.167]},"t":57,"s":[100]},{"t":77,"s":[0]}],"ix":11},"r":{"a":0,"k":0,"ix":10},"p":{"a":1,"k":[{"i":{"x":0.833,"y":0.833},"o":{"x":0.167,"y":0.167},"t":56,"s":[33.12,31.04,0],"to":[-1.167,3.5,0],"ti":[1.167,-3.5,0]},{"t":57,"s":[30.88,37.76,0]}],"ix":2},"a":{"a":0,"k":[100,100,0],"ix":1},"s":{"a":1,"k":[{"i":{"x":[0.833,0.833,0.833],"y":[0.833,0.833,0.833]},"o":{"x":[0.167,0.167,0.167],"y":[0.167,0.167,0.167]},"t":56,"s":[9.92,9.92,100]},{"t":57,"s":[32,32,100]}],"ix":6}},"ao":0,"shapes":[{"ty":"gr","it":[{"ind":0,"ty":"sh","ix":1,"ks":{"a":0,"k":{"i":[[0,0],[0,0],[0,0],[0,0],[0,0],[0,0]],"o":[[0,0],[0,0],[0,0],[0,0],[0,0],[0,0]],"v":[[23.8,-0.6],[3.101,-0.6],[6.3,-38.9],[-23.8,0.599],[-3.1,0.599],[-6.3,38.9]],"c":true},"ix":2},"nm":"路径 1","mn":"ADBE Vector Shape - Group","hd":false},{"ty":"fl","c":{"a":0,"k":[0.929000016755,0.663000009574,0.081999999402,1],"ix":4},"o":{"a":0,"k":100,"ix":5},"r":1,"bm":0,"nm":"填充 1","mn":"ADBE Vector Graphic - Fill","hd":false},{"ty":"tr","p":{"a":0,"k":[100,106.625],"ix":2},"a":{"a":0,"k":[0,0],"ix":1},"s":{"a":0,"k":[100,100],"ix":3},"r":{"a":0,"k":0,"ix":6},"o":{"a":0,"k":100,"ix":7},"sk":{"a":0,"k":0,"ix":4},"sa":{"a":0,"k":0,"ix":5},"nm":"变换"}],"nm":"组 1","np":2,"cix":2,"bm":0,"ix":1,"mn":"ADBE Vector Group","hd":false}],"ip":201,"op":201,"st":51,"bm":0,"hidden":51},{"ddd":0,"ind":3,"ty":4,"nm":"“天气-雷雨”轮廓","sr":1,"ks":{"o":{"a":1,"k":[{"i":{"x":[0.833],"y":[0.833]},"o":{"x":[0.167],"y":[0.167]},"t":5,"s":[0]},{"i":{"x":[0.833],"y":[0.833]},"o":{"x":[0.167],"y":[0.167]},"t":6,"s":[100]},{"t":26,"s":[0]}],"ix":11},"r":{"a":0,"k":0,"ix":10},"p":{"a":1,"k":[{"i":{"x":0.833,"y":0.833},"o":{"x":0.167,"y":0.167},"t":5,"s":[33.12,31.04,0],"to":[-1.167,3.5,0],"ti":[1.167,-3.5,0]},{"t":6,"s":[30.88,37.76,0]}],"ix":2},"a":{"a":0,"k":[100,100,0],"ix":1},"s":{"a":1,"k":[{"i":{"x":[0.833,0.833,0.833],"y":[0.833,0.833,0.833]},"o":{"x":[0.167,0.167,0.167],"y":[0.167,0.167,0.167]},"t":5,"s":[9.92,9.92,100]},{"t":6,"s":[32,32,100]}],"ix":6}},"ao":0,"shapes":[{"ty":"gr","it":[{"ind":0,"ty":"sh","ix":1,"ks":{"a":0,"k":{"i":[[0,0],[0,0],[0,0],[0,0],[0,0],[0,0]],"o":[[0,0],[0,0],[0,0],[0,0],[0,0],[0,0]],"v":[[23.8,-0.6],[3.101,-0.6],[6.3,-38.9],[-23.8,0.599],[-3.1,0.599],[-6.3,38.9]],"c":true},"ix":2},"nm":"路径 1","mn":"ADBE Vector Shape - Group","hd":false},{"ty":"fl","c":{"a":0,"k":[0.929000016755,0.663000009574,0.081999999402,1],"ix":4},"o":{"a":0,"k":100,"ix":5},"r":1,"bm":0,"nm":"填充 1","mn":"ADBE Vector Graphic - Fill","hd":false},{"ty":"tr","p":{"a":0,"k":[100,106.625],"ix":2},"a":{"a":0,"k":[0,0],"ix":1},"s":{"a":0,"k":[100,100],"ix":3},"r":{"a":0,"k":0,"ix":6},"o":{"a":0,"k":100,"ix":7},"sk":{"a":0,"k":0,"ix":4},"sa":{"a":0,"k":0,"ix":5},"nm":"变换"}],"nm":"组 1","np":2,"cix":2,"bm":0,"ix":1,"mn":"ADBE Vector Group","hd":false}],"ip":150,"op":150,"st":0,"bm":0,"hidden":0},{"ddd":0,"ind":4,"ty":4,"nm":"“1”轮廓 6","sr":1,"ks":{"o":{"a":1,"k":[{"i":{"x":[0.833],"y":[0.833]},"o":{"x":[0.167],"y":[0.167]},"t":8,"s":[100]},{"t":37,"s":[0]}],"ix":11},"r":{"a":0,"k":0,"ix":10},"p":{"a":1,"k":[{"i":{"x":0.833,"y":0.833},"o":{"x":0.167,"y":0.167},"t":-49,"s":[22.08,31.535999999999998,0],"to":[-0.417,3.167,0],"ti":[2.167,-14.333,0]},{"i":{"x":0.833,"y":0.833},"o":{"x":0.167,"y":0.167},"t":-22,"s":[21.28,37.616,0],"to":[-2.167,14.333,0],"ti":[1.75,-11.167,0]},{"t":37,"s":[17.92,59.056000000000004,0]}],"ix":2},"a":{"a":0,"k":[11.75,14.25,0],"ix":1},"s":{"a":0,"k":[32,32,100],"ix":6}},"ao":0,"shapes":[{"ty":"gr","it":[{"ind":0,"ty":"sh","ix":1,"ks":{"a":0,"k":{"i":[[1.5,-5.6],[5.5,1.5],[-1.5,5.5],[0,0]],"o":[[-1.5,5.5],[-5.5,-1.5],[1.5,-5.5],[0,0]],"v":[[10,5.2],[-2.7,12.5],[-10,-0.2],[4.5,-14]],"c":true},"ix":2},"nm":"路径 1","mn":"ADBE Vector Shape - Group","hd":false},{"ty":"fl","c":{"a":0,"k":[0.25882352941176473,0.25882352941176473,0.25882352941176473,1],"ix":4},"o":{"a":0,"k":100,"ix":5},"r":1,"bm":0,"nm":"填充 1","mn":"ADBE Vector Graphic - Fill","hd":false},{"ty":"tr","p":{"a":0,"k":[11.75,14.25],"ix":2},"a":{"a":0,"k":[0,0],"ix":1},"s":{"a":0,"k":[100,100],"ix":3},"r":{"a":0,"k":0,"ix":6},"o":{"a":0,"k":100,"ix":7},"sk":{"a":0,"k":0,"ix":4},"sa":{"a":0,"k":0,"ix":5},"nm":"变换"}],"nm":"组 1","np":2,"cix":2,"bm":0,"ix":1,"mn":"ADBE Vector Group","hd":false}],"ip":-49,"op":101,"st":-49,"bm":0},{"ddd":0,"ind":5,"ty":4,"nm":"“3”轮廓 5","sr":1,"ks":{"o":{"a":1,"k":[{"i":{"x":[0.833],"y":[0.833]},"o":{"x":[0.167],"y":[0.167]},"t":-7,"s":[100]},{"t":23,"s":[0]}],"ix":11},"r":{"a":0,"k":0,"ix":10},"p":{"a":1,"k":[{"i":{"x":0.833,"y":0.833},"o":{"x":0.167,"y":0.167},"t":-49,"s":[44.8,30.928,0],"to":[-0.417,3.167,0],"ti":[2.167,-12.833,0]},{"i":{"x":0.833,"y":0.833},"o":{"x":0.167,"y":0.167},"t":-36,"s":[44,37.008,0],"to":[-2.167,12.833,0],"ti":[1.75,-9.667,0]},{"t":24,"s":[40.64,55.568000000000005,0]}],"ix":2},"a":{"a":0,"k":[10.95,13.3,0],"ix":1},"s":{"a":0,"k":[32,32,100],"ix":6}},"ao":0,"shapes":[{"ty":"gr","it":[{"ind":0,"ty":"sh","ix":1,"ks":{"a":0,"k":{"i":[[1.4,-5.1],[5.1,1.4],[-1.4,5.1],[0,0]],"o":[[-1.399,5.1],[-5.099,-1.4],[1.4,-5.1],[0,0]],"v":[[9.3,4.85],[-2.5,11.65],[-9.3,-0.15],[4.1,-13.05]],"c":true},"ix":2},"nm":"路径 1","mn":"ADBE Vector Shape - Group","hd":false},{"ty":"fl","c":{"a":0,"k":[0.25882352941176473,0.25882352941176473,0.25882352941176473,1],"ix":4},"o":{"a":0,"k":100,"ix":5},"r":1,"bm":0,"nm":"填充 1","mn":"ADBE Vector Graphic - Fill","hd":false},{"ty":"tr","p":{"a":0,"k":[10.95,13.3],"ix":2},"a":{"a":0,"k":[0,0],"ix":1},"s":{"a":0,"k":[100,100],"ix":3},"r":{"a":0,"k":0,"ix":6},"o":{"a":0,"k":100,"ix":7},"sk":{"a":0,"k":0,"ix":4},"sa":{"a":0,"k":0,"ix":5},"nm":"变换"}],"nm":"组 1","np":2,"cix":2,"bm":0,"ix":1,"mn":"ADBE Vector Group","hd":false}],"ip":-49,"op":101,"st":-49,"bm":0},{"ddd":0,"ind":6,"ty":4,"nm":"“1”轮廓 5","sr":1,"ks":{"o":{"a":1,"k":[{"i":{"x":[0.833],"y":[0.833]},"o":{"x":[0.167],"y":[0.167]},"t":-23,"s":[100]},{"t":6,"s":[0]}],"ix":11},"r":{"a":0,"k":0,"ix":10},"p":{"a":1,"k":[{"i":{"x":0.833,"y":0.833},"o":{"x":0.167,"y":0.167},"t":-80,"s":[22.08,31.535999999999998,0],"to":[-0.417,3.167,0],"ti":[2.167,-14.333,0]},{"i":{"x":0.833,"y":0.833},"o":{"x":0.167,"y":0.167},"t":-53,"s":[21.28,37.616,0],"to":[-2.167,14.333,0],"ti":[1.75,-11.167,0]},{"t":6,"s":[17.92,59.056000000000004,0]}],"ix":2},"a":{"a":0,"k":[11.75,14.25,0],"ix":1},"s":{"a":0,"k":[32,32,100],"ix":6}},"ao":0,"shapes":[{"ty":"gr","it":[{"ind":0,"ty":"sh","ix":1,"ks":{"a":0,"k":{"i":[[1.5,-5.6],[5.5,1.5],[-1.5,5.5],[0,0]],"o":[[-1.5,5.5],[-5.5,-1.5],[1.5,-5.5],[0,0]],"v":[[10,5.2],[-2.7,12.5],[-10,-0.2],[4.5,-14]],"c":true},"ix":2},"nm":"路径 1","mn":"ADBE Vector Shape - Group","hd":false},{"ty":"fl","c":{"a":0,"k":[0.25882352941176473,0.25882352941176473,0.25882352941176473,1],"ix":4},"o":{"a":0,"k":100,"ix":5},"r":1,"bm":0,"nm":"填充 1","mn":"ADBE Vector Graphic - Fill","hd":false},{"ty":"tr","p":{"a":0,"k":[11.75,14.25],"ix":2},"a":{"a":0,"k":[0,0],"ix":1},"s":{"a":0,"k":[100,100],"ix":3},"r":{"a":0,"k":0,"ix":6},"o":{"a":0,"k":100,"ix":7},"sk":{"a":0,"k":0,"ix":4},"sa":{"a":0,"k":0,"ix":5},"nm":"变换"}],"nm":"组 1","np":2,"cix":2,"bm":0,"ix":1,"mn":"ADBE Vector Group","hd":false}],"ip":-80,"op":70,"st":-80,"bm":0},{"ddd":0,"ind":7,"ty":4,"nm":"“2”轮廓 5","sr":1,"ks":{"o":{"a":1,"k":[{"i":{"x":[0.833],"y":[0.833]},"o":{"x":[0.167],"y":[0.167]},"t":-22,"s":[100]},{"t":3,"s":[0]}],"ix":11},"r":{"a":0,"k":0,"ix":10},"p":{"a":1,"k":[{"i":{"x":0.833,"y":0.833},"o":{"x":0.167,"y":0.167},"t":-49,"s":[32.672,36.464,0],"to":[-2.183,11.667,0],"ti":[2.183,-11.667,0]},{"t":3,"s":[28.48,58.864,0]}],"ix":2},"a":{"a":0,"k":[9.9,12,0],"ix":1},"s":{"a":0,"k":[32,32,100],"ix":6}},"ao":0,"shapes":[{"ty":"gr","it":[{"ind":0,"ty":"sh","ix":1,"ks":{"a":0,"k":{"i":[[1.2,-4.6],[4.7,1.2],[-1.2,4.7],[0,0]],"o":[[-1.2,4.7],[-4.7,-1.2],[1.2,-4.7],[0,0]],"v":[[8.45,4.35],[-2.25,10.55],[-8.45,-0.15],[3.75,-11.75]],"c":true},"ix":2},"nm":"路径 1","mn":"ADBE Vector Shape - Group","hd":false},{"ty":"fl","c":{"a":0,"k":[0.25882352941176473,0.25882352941176473,0.25882352941176473,1],"ix":4},"o":{"a":0,"k":100,"ix":5},"r":1,"bm":0,"nm":"填充 1","mn":"ADBE Vector Graphic - Fill","hd":false},{"ty":"tr","p":{"a":0,"k":[9.9,12],"ix":2},"a":{"a":0,"k":[0,0],"ix":1},"s":{"a":0,"k":[100,100],"ix":3},"r":{"a":0,"k":0,"ix":6},"o":{"a":0,"k":100,"ix":7},"sk":{"a":0,"k":0,"ix":4},"sa":{"a":0,"k":0,"ix":5},"nm":"变换"}],"nm":"组 1","np":2,"cix":2,"bm":0,"ix":1,"mn":"ADBE Vector Group","hd":false}],"ip":101,"op":101,"st":-49,"bm":0,"hidden":-49},{"ddd":0,"ind":8,"ty":4,"nm":"“3”轮廓 4","sr":1,"ks":{"o":{"a":1,"k":[{"i":{"x":[0.833],"y":[0.833]},"o":{"x":[0.167],"y":[0.167]},"t":142,"s":[100]},{"t":172,"s":[0]}],"ix":11},"r":{"a":0,"k":0,"ix":10},"p":{"a":1,"k":[{"i":{"x":0.833,"y":0.833},"o":{"x":0.167,"y":0.167},"t":100,"s":[44.8,30.928,0],"to":[-0.417,3.167,0],"ti":[2.167,-12.833,0]},{"i":{"x":0.833,"y":0.833},"o":{"x":0.167,"y":0.167},"t":113,"s":[44,37.008,0],"to":[-2.167,12.833,0],"ti":[1.75,-9.667,0]},{"t":173,"s":[40.64,55.568000000000005,0]}],"ix":2},"a":{"a":0,"k":[10.95,13.3,0],"ix":1},"s":{"a":0,"k":[32,32,100],"ix":6}},"ao":0,"shapes":[{"ty":"gr","it":[{"ind":0,"ty":"sh","ix":1,"ks":{"a":0,"k":{"i":[[1.4,-5.1],[5.1,1.4],[-1.4,5.1],[0,0]],"o":[[-1.399,5.1],[-5.099,-1.4],[1.4,-5.1],[0,0]],"v":[[9.3,4.85],[-2.5,11.65],[-9.3,-0.15],[4.1,-13.05]],"c":true},"ix":2},"nm":"路径 1","mn":"ADBE Vector Shape - Group","hd":false},{"ty":"fl","c":{"a":0,"k":[0.25882352941176473,0.25882352941176473,0.25882352941176473,1],"ix":4},"o":{"a":0,"k":100,"ix":5},"r":1,"bm":0,"nm":"填充 1","mn":"ADBE Vector Graphic - Fill","hd":false},{"ty":"tr","p":{"a":0,"k":[10.95,13.3],"ix":2},"a":{"a":0,"k":[0,0],"ix":1},"s":{"a":0,"k":[100,100],"ix":3},"r":{"a":0,"k":0,"ix":6},"o":{"a":0,"k":100,"ix":7},"sk":{"a":0,"k":0,"ix":4},"sa":{"a":0,"k":0,"ix":5},"nm":"变换"}],"nm":"组 1","np":2,"cix":2,"bm":0,"ix":1,"mn":"ADBE Vector Group","hd":false}],"ip":250,"op":250,"st":100,"bm":0,"hidden":100},{"ddd":0,"ind":9,"ty":4,"nm":"“2”轮廓 4","sr":1,"ks":{"o":{"a":1,"k":[{"i":{"x":[0.833],"y":[0.833]},"o":{"x":[0.167],"y":[0.167]},"t":127,"s":[100]},{"t":152,"s":[0]}],"ix":11},"r":{"a":0,"k":0,"ix":10},"p":{"a":1,"k":[{"i":{"x":0.833,"y":0.833},"o":{"x":0.167,"y":0.167},"t":100,"s":[32.672,36.464,0],"to":[-2.183,11.667,0],"ti":[2.183,-11.667,0]},{"t":152,"s":[28.48,58.864,0]}],"ix":2},"a":{"a":0,"k":[9.9,12,0],"ix":1},"s":{"a":0,"k":[32,32,100],"ix":6}},"ao":0,"shapes":[{"ty":"gr","it":[{"ind":0,"ty":"sh","ix":1,"ks":{"a":0,"k":{"i":[[1.2,-4.6],[4.7,1.2],[-1.2,4.7],[0,0]],"o":[[-1.2,4.7],[-4.7,-1.2],[1.2,-4.7],[0,0]],"v":[[8.45,4.35],[-2.25,10.55],[-8.45,-0.15],[3.75,-11.75]],"c":true},"ix":2},"nm":"路径 1","mn":"ADBE Vector Shape - Group","hd":false},{"ty":"fl","c":{"a":0,"k":[0.25882352941176473,0.25882352941176473,0.25882352941176473,1],"ix":4},"o":{"a":0,"k":100,"ix":5},"r":1,"bm":0,"nm":"填充 1","mn":"ADBE Vector Graphic - Fill","hd":false},{"ty":"tr","p":{"a":0,"k":[9.9,12],"ix":2},"a":{"a":0,"k":[0,0],"ix":1},"s":{"a":0,"k":[100,100],"ix":3},"r":{"a":0,"k":0,"ix":6},"o":{"a":0,"k":100,"ix":7},"sk":{"a":0,"k":0,"ix":4},"sa":{"a":0,"k":0,"ix":5},"nm":"变换"}],"nm":"组 1","np":2,"cix":2,"bm":0,"ix":1,"mn":"ADBE Vector Group","hd":false}],"ip":250,"op":250,"st":100,"bm":0,"hidden":100},{"ddd":0,"ind":10,"ty":4,"nm":"“1”轮廓 4","sr":1,"ks":{"o":{"a":1,"k":[{"i":{"x":[0.833],"y":[0.833]},"o":{"x":[0.167],"y":[0.167]},"t":157,"s":[100]},{"t":186,"s":[0]}],"ix":11},"r":{"a":0,"k":0,"ix":10},"p":{"a":1,"k":[{"i":{"x":0.833,"y":0.833},"o":{"x":0.167,"y":0.167},"t":100,"s":[22.08,31.535999999999998,0],"to":[-0.417,3.167,0],"ti":[2.167,-14.333,0]},{"i":{"x":0.833,"y":0.833},"o":{"x":0.167,"y":0.167},"t":127,"s":[21.28,37.616,0],"to":[-2.167,14.333,0],"ti":[1.75,-11.167,0]},{"t":186,"s":[17.92,59.056000000000004,0]}],"ix":2},"a":{"a":0,"k":[11.75,14.25,0],"ix":1},"s":{"a":0,"k":[32,32,100],"ix":6}},"ao":0,"shapes":[{"ty":"gr","it":[{"ind":0,"ty":"sh","ix":1,"ks":{"a":0,"k":{"i":[[1.5,-5.6],[5.5,1.5],[-1.5,5.5],[0,0]],"o":[[-1.5,5.5],[-5.5,-1.5],[1.5,-5.5],[0,0]],"v":[[10,5.2],[-2.7,12.5],[-10,-0.2],[4.5,-14]],"c":true},"ix":2},"nm":"路径 1","mn":"ADBE Vector Shape - Group","hd":false},{"ty":"fl","c":{"a":0,"k":[0.25882352941176473,0.25882352941176473,0.25882352941176473,1],"ix":4},"o":{"a":0,"k":100,"ix":5},"r":1,"bm":0,"nm":"填充 1","mn":"ADBE Vector Graphic - Fill","hd":false},{"ty":"tr","p":{"a":0,"k":[11.75,14.25],"ix":2},"a":{"a":0,"k":[0,0],"ix":1},"s":{"a":0,"k":[100,100],"ix":3},"r":{"a":0,"k":0,"ix":6},"o":{"a":0,"k":100,"ix":7},"sk":{"a":0,"k":0,"ix":4},"sa":{"a":0,"k":0,"ix":5},"nm":"变换"}],"nm":"组 1","np":2,"cix":2,"bm":0,"ix":1,"mn":"ADBE Vector Group","hd":false}],"ip":250,"op":250,"st":100,"bm":0,"hidden":100},{"ddd":0,"ind":11,"ty":4,"nm":"“3”轮廓 3","sr":1,"ks":{"o":{"a":1,"k":[{"i":{"x":[0.833],"y":[0.833]},"o":{"x":[0.167],"y":[0.167]},"t":111,"s":[100]},{"t":141,"s":[0]}],"ix":11},"r":{"a":0,"k":0,"ix":10},"p":{"a":1,"k":[{"i":{"x":0.833,"y":0.833},"o":{"x":0.167,"y":0.167},"t":69,"s":[44.8,30.928,0],"to":[-0.417,3.167,0],"ti":[2.167,-12.833,0]},{"i":{"x":0.833,"y":0.833},"o":{"x":0.167,"y":0.167},"t":82,"s":[44,37.008,0],"to":[-2.167,12.833,0],"ti":[1.75,-9.667,0]},{"t":142,"s":[40.64,55.568000000000005,0]}],"ix":2},"a":{"a":0,"k":[10.95,13.3,0],"ix":1},"s":{"a":0,"k":[32,32,100],"ix":6}},"ao":0,"shapes":[{"ty":"gr","it":[{"ind":0,"ty":"sh","ix":1,"ks":{"a":0,"k":{"i":[[1.4,-5.1],[5.1,1.4],[-1.4,5.1],[0,0]],"o":[[-1.399,5.1],[-5.099,-1.4],[1.4,-5.1],[0,0]],"v":[[9.3,4.85],[-2.5,11.65],[-9.3,-0.15],[4.1,-13.05]],"c":true},"ix":2},"nm":"路径 1","mn":"ADBE Vector Shape - Group","hd":false},{"ty":"fl","c":{"a":0,"k":[0.25882352941176473,0.25882352941176473,0.25882352941176473,1],"ix":4},"o":{"a":0,"k":100,"ix":5},"r":1,"bm":0,"nm":"填充 1","mn":"ADBE Vector Graphic - Fill","hd":false},{"ty":"tr","p":{"a":0,"k":[10.95,13.3],"ix":2},"a":{"a":0,"k":[0,0],"ix":1},"s":{"a":0,"k":[100,100],"ix":3},"r":{"a":0,"k":0,"ix":6},"o":{"a":0,"k":100,"ix":7},"sk":{"a":0,"k":0,"ix":4},"sa":{"a":0,"k":0,"ix":5},"nm":"变换"}],"nm":"组 1","np":2,"cix":2,"bm":0,"ix":1,"mn":"ADBE Vector Group","hd":false}],"ip":219,"op":219,"st":69,"bm":0,"hidden":69},{"ddd":0,"ind":12,"ty":4,"nm":"“2”轮廓 3","sr":1,"ks":{"o":{"a":1,"k":[{"i":{"x":[0.833],"y":[0.833]},"o":{"x":[0.167],"y":[0.167]},"t":96,"s":[100]},{"t":121,"s":[0]}],"ix":11},"r":{"a":0,"k":0,"ix":10},"p":{"a":1,"k":[{"i":{"x":0.833,"y":0.833},"o":{"x":0.167,"y":0.167},"t":69,"s":[32.672,36.464,0],"to":[-2.183,11.667,0],"ti":[2.183,-11.667,0]},{"t":121,"s":[28.48,58.864,0]}],"ix":2},"a":{"a":0,"k":[9.9,12,0],"ix":1},"s":{"a":0,"k":[32,32,100],"ix":6}},"ao":0,"shapes":[{"ty":"gr","it":[{"ind":0,"ty":"sh","ix":1,"ks":{"a":0,"k":{"i":[[1.2,-4.6],[4.7,1.2],[-1.2,4.7],[0,0]],"o":[[-1.2,4.7],[-4.7,-1.2],[1.2,-4.7],[0,0]],"v":[[8.45,4.35],[-2.25,10.55],[-8.45,-0.15],[3.75,-11.75]],"c":true},"ix":2},"nm":"路径 1","mn":"ADBE Vector Shape - Group","hd":false},{"ty":"fl","c":{"a":0,"k":[0.25882352941176473,0.25882352941176473,0.25882352941176473,1],"ix":4},"o":{"a":0,"k":100,"ix":5},"r":1,"bm":0,"nm":"填充 1","mn":"ADBE Vector Graphic - Fill","hd":false},{"ty":"tr","p":{"a":0,"k":[9.9,12],"ix":2},"a":{"a":0,"k":[0,0],"ix":1},"s":{"a":0,"k":[100,100],"ix":3},"r":{"a":0,"k":0,"ix":6},"o":{"a":0,"k":100,"ix":7},"sk":{"a":0,"k":0,"ix":4},"sa":{"a":0,"k":0,"ix":5},"nm":"变换"}],"nm":"组 1","np":2,"cix":2,"bm":0,"ix":1,"mn":"ADBE Vector Group","hd":false}],"ip":219,"op":219,"st":69,"bm":0,"hidden":69},{"ddd":0,"ind":13,"ty":4,"nm":"“1”轮廓 3","sr":1,"ks":{"o":{"a":1,"k":[{"i":{"x":[0.833],"y":[0.833]},"o":{"x":[0.167],"y":[0.167]},"t":126,"s":[100]},{"t":155,"s":[0]}],"ix":11},"r":{"a":0,"k":0,"ix":10},"p":{"a":1,"k":[{"i":{"x":0.833,"y":0.833},"o":{"x":0.167,"y":0.167},"t":69,"s":[22.08,31.535999999999998,0],"to":[-0.417,3.167,0],"ti":[2.167,-14.333,0]},{"i":{"x":0.833,"y":0.833},"o":{"x":0.167,"y":0.167},"t":96,"s":[21.28,37.616,0],"to":[-2.167,14.333,0],"ti":[1.75,-11.167,0]},{"t":155,"s":[17.92,59.056000000000004,0]}],"ix":2},"a":{"a":0,"k":[11.75,14.25,0],"ix":1},"s":{"a":0,"k":[32,32,100],"ix":6}},"ao":0,"shapes":[{"ty":"gr","it":[{"ind":0,"ty":"sh","ix":1,"ks":{"a":0,"k":{"i":[[1.5,-5.6],[5.5,1.5],[-1.5,5.5],[0,0]],"o":[[-1.5,5.5],[-5.5,-1.5],[1.5,-5.5],[0,0]],"v":[[10,5.2],[-2.7,12.5],[-10,-0.2],[4.5,-14]],"c":true},"ix":2},"nm":"路径 1","mn":"ADBE Vector Shape - Group","hd":false},{"ty":"fl","c":{"a":0,"k":[0.25882352941176473,0.25882352941176473,0.25882352941176473,1],"ix":4},"o":{"a":0,"k":100,"ix":5},"r":1,"bm":0,"nm":"填充 1","mn":"ADBE Vector Graphic - Fill","hd":false},{"ty":"tr","p":{"a":0,"k":[11.75,14.25],"ix":2},"a":{"a":0,"k":[0,0],"ix":1},"s":{"a":0,"k":[100,100],"ix":3},"r":{"a":0,"k":0,"ix":6},"o":{"a":0,"k":100,"ix":7},"sk":{"a":0,"k":0,"ix":4},"sa":{"a":0,"k":0,"ix":5},"nm":"变换"}],"nm":"组 1","np":2,"cix":2,"bm":0,"ix":1,"mn":"ADBE Vector Group","hd":false}],"ip":219,"op":219,"st":69,"bm":0,"hidden":69},{"ddd":0,"ind":14,"ty":4,"nm":"“1”轮廓 2","sr":1,"ks":{"o":{"a":1,"k":[{"i":{"x":[0.833],"y":[0.833]},"o":{"x":[0.167],"y":[0.167]},"t":92,"s":[100]},{"t":121,"s":[0]}],"ix":11},"r":{"a":0,"k":0,"ix":10},"p":{"a":1,"k":[{"i":{"x":0.833,"y":0.833},"o":{"x":0.167,"y":0.167},"t":35,"s":[22.08,31.535999999999998,0],"to":[-0.417,3.167,0],"ti":[2.167,-14.333,0]},{"i":{"x":0.833,"y":0.833},"o":{"x":0.167,"y":0.167},"t":62,"s":[21.28,37.616,0],"to":[-2.167,14.333,0],"ti":[1.75,-11.167,0]},{"t":121,"s":[17.92,59.056000000000004,0]}],"ix":2},"a":{"a":0,"k":[11.75,14.25,0],"ix":1},"s":{"a":0,"k":[32,32,100],"ix":6}},"ao":0,"shapes":[{"ty":"gr","it":[{"ind":0,"ty":"sh","ix":1,"ks":{"a":0,"k":{"i":[[1.5,-5.6],[5.5,1.5],[-1.5,5.5],[0,0]],"o":[[-1.5,5.5],[-5.5,-1.5],[1.5,-5.5],[0,0]],"v":[[10,5.2],[-2.7,12.5],[-10,-0.2],[4.5,-14]],"c":true},"ix":2},"nm":"路径 1","mn":"ADBE Vector Shape - Group","hd":false},{"ty":"fl","c":{"a":0,"k":[0.25882352941176473,0.25882352941176473,0.25882352941176473,1],"ix":4},"o":{"a":0,"k":100,"ix":5},"r":1,"bm":0,"nm":"填充 1","mn":"ADBE Vector Graphic - Fill","hd":false},{"ty":"tr","p":{"a":0,"k":[11.75,14.25],"ix":2},"a":{"a":0,"k":[0,0],"ix":1},"s":{"a":0,"k":[100,100],"ix":3},"r":{"a":0,"k":0,"ix":6},"o":{"a":0,"k":100,"ix":7},"sk":{"a":0,"k":0,"ix":4},"sa":{"a":0,"k":0,"ix":5},"nm":"变换"}],"nm":"组 1","np":2,"cix":2,"bm":0,"ix":1,"mn":"ADBE Vector Group","hd":false}],"ip":185,"op":185,"st":35,"bm":0,"hidden":35},{"ddd":0,"ind":15,"ty":4,"nm":"“2”轮廓 2","sr":1,"ks":{"o":{"a":1,"k":[{"i":{"x":[0.833],"y":[0.833]},"o":{"x":[0.167],"y":[0.167]},"t":62,"s":[100]},{"t":87,"s":[0]}],"ix":11},"r":{"a":0,"k":0,"ix":10},"p":{"a":1,"k":[{"i":{"x":0.833,"y":0.833},"o":{"x":0.167,"y":0.167},"t":35,"s":[32.672,36.464,0],"to":[-2.183,11.667,0],"ti":[2.183,-11.667,0]},{"t":87,"s":[28.48,58.864,0]}],"ix":2},"a":{"a":0,"k":[9.9,12,0],"ix":1},"s":{"a":0,"k":[32,32,100],"ix":6}},"ao":0,"shapes":[{"ty":"gr","it":[{"ind":0,"ty":"sh","ix":1,"ks":{"a":0,"k":{"i":[[1.2,-4.6],[4.7,1.2],[-1.2,4.7],[0,0]],"o":[[-1.2,4.7],[-4.7,-1.2],[1.2,-4.7],[0,0]],"v":[[8.45,4.35],[-2.25,10.55],[-8.45,-0.15],[3.75,-11.75]],"c":true},"ix":2},"nm":"路径 1","mn":"ADBE Vector Shape - Group","hd":false},{"ty":"fl","c":{"a":0,"k":[0.25882352941176473,0.25882352941176473,0.25882352941176473,1],"ix":4},"o":{"a":0,"k":100,"ix":5},"r":1,"bm":0,"nm":"填充 1","mn":"ADBE Vector Graphic - Fill","hd":false},{"ty":"tr","p":{"a":0,"k":[9.9,12],"ix":2},"a":{"a":0,"k":[0,0],"ix":1},"s":{"a":0,"k":[100,100],"ix":3},"r":{"a":0,"k":0,"ix":6},"o":{"a":0,"k":100,"ix":7},"sk":{"a":0,"k":0,"ix":4},"sa":{"a":0,"k":0,"ix":5},"nm":"变换"}],"nm":"组 1","np":2,"cix":2,"bm":0,"ix":1,"mn":"ADBE Vector Group","hd":false}],"ip":185,"op":185,"st":35,"bm":0,"hidden":35},{"ddd":0,"ind":16,"ty":4,"nm":"“3”轮廓 2","sr":1,"ks":{"o":{"a":1,"k":[{"i":{"x":[0.833],"y":[0.833]},"o":{"x":[0.167],"y":[0.167]},"t":77,"s":[100]},{"t":107,"s":[0]}],"ix":11},"r":{"a":0,"k":0,"ix":10},"p":{"a":1,"k":[{"i":{"x":0.833,"y":0.833},"o":{"x":0.167,"y":0.167},"t":35,"s":[44.8,30.928,0],"to":[-0.417,3.167,0],"ti":[2.167,-12.833,0]},{"i":{"x":0.833,"y":0.833},"o":{"x":0.167,"y":0.167},"t":48,"s":[44,37.008,0],"to":[-2.167,12.833,0],"ti":[1.75,-9.667,0]},{"t":108,"s":[40.64,55.568000000000005,0]}],"ix":2},"a":{"a":0,"k":[10.95,13.3,0],"ix":1},"s":{"a":0,"k":[32,32,100],"ix":6}},"ao":0,"shapes":[{"ty":"gr","it":[{"ind":0,"ty":"sh","ix":1,"ks":{"a":0,"k":{"i":[[1.4,-5.1],[5.1,1.4],[-1.4,5.1],[0,0]],"o":[[-1.399,5.1],[-5.099,-1.4],[1.4,-5.1],[0,0]],"v":[[9.3,4.85],[-2.5,11.65],[-9.3,-0.15],[4.1,-13.05]],"c":true},"ix":2},"nm":"路径 1","mn":"ADBE Vector Shape - Group","hd":false},{"ty":"fl","c":{"a":0,"k":[0.25882352941176473,0.25882352941176473,0.25882352941176473,1],"ix":4},"o":{"a":0,"k":100,"ix":5},"r":1,"bm":0,"nm":"填充 1","mn":"ADBE Vector Graphic - Fill","hd":false},{"ty":"tr","p":{"a":0,"k":[10.95,13.3],"ix":2},"a":{"a":0,"k":[0,0],"ix":1},"s":{"a":0,"k":[100,100],"ix":3},"r":{"a":0,"k":0,"ix":6},"o":{"a":0,"k":100,"ix":7},"sk":{"a":0,"k":0,"ix":4},"sa":{"a":0,"k":0,"ix":5},"nm":"变换"}],"nm":"组 1","np":2,"cix":2,"bm":0,"ix":1,"mn":"ADBE Vector Group","hd":false}],"ip":185,"op":185,"st":35,"bm":0},{"ddd":0,"ind":17,"ty":4,"nm":"“3”轮廓","sr":1,"ks":{"o":{"a":1,"k":[{"i":{"x":[0.833],"y":[0.833]},"o":{"x":[0.167],"y":[0.167]},"t":42,"s":[100]},{"t":72,"s":[0]}],"ix":11},"r":{"a":0,"k":0,"ix":10},"p":{"a":1,"k":[{"i":{"x":0.833,"y":0.833},"o":{"x":0.167,"y":0.167},"t":0,"s":[44.8,30.928,0],"to":[-0.417,3.167,0],"ti":[2.167,-12.833,0]},{"i":{"x":0.833,"y":0.833},"o":{"x":0.167,"y":0.167},"t":13,"s":[44,37.008,0],"to":[-2.167,12.833,0],"ti":[1.75,-9.667,0]},{"t":73,"s":[40.64,55.568000000000005,0]}],"ix":2},"a":{"a":0,"k":[10.95,13.3,0],"ix":1},"s":{"a":0,"k":[32,32,100],"ix":6}},"ao":0,"shapes":[{"ty":"gr","it":[{"ind":0,"ty":"sh","ix":1,"ks":{"a":0,"k":{"i":[[1.4,-5.1],[5.1,1.4],[-1.4,5.1],[0,0]],"o":[[-1.399,5.1],[-5.099,-1.4],[1.4,-5.1],[0,0]],"v":[[9.3,4.85],[-2.5,11.65],[-9.3,-0.15],[4.1,-13.05]],"c":true},"ix":2},"nm":"路径 1","mn":"ADBE Vector Shape - Group","hd":false},{"ty":"fl","c":{"a":0,"k":[0.25882352941176473,0.25882352941176473,0.25882352941176473,1],"ix":4},"o":{"a":0,"k":100,"ix":5},"r":1,"bm":0,"nm":"填充 1","mn":"ADBE Vector Graphic - Fill","hd":false},{"ty":"tr","p":{"a":0,"k":[10.95,13.3],"ix":2},"a":{"a":0,"k":[0,0],"ix":1},"s":{"a":0,"k":[100,100],"ix":3},"r":{"a":0,"k":0,"ix":6},"o":{"a":0,"k":100,"ix":7},"sk":{"a":0,"k":0,"ix":4},"sa":{"a":0,"k":0,"ix":5},"nm":"变换"}],"nm":"组 1","np":2,"cix":2,"bm":0,"ix":1,"mn":"ADBE Vector Group","hd":false}],"ip":150,"op":150,"st":0,"bm":0,"hidden":150},{"ddd":0,"ind":18,"ty":4,"nm":"“2”轮廓","sr":1,"ks":{"o":{"a":1,"k":[{"i":{"x":[0.833],"y":[0.833]},"o":{"x":[0.167],"y":[0.167]},"t":27,"s":[100]},{"t":52,"s":[0]}],"ix":11},"r":{"a":0,"k":0,"ix":10},"p":{"a":1,"k":[{"i":{"x":0.833,"y":0.833},"o":{"x":0.167,"y":0.167},"t":0,"s":[32.672,36.464,0],"to":[-2.183,11.667,0],"ti":[2.183,-11.667,0]},{"t":52,"s":[28.48,58.864,0]}],"ix":2},"a":{"a":0,"k":[9.9,12,0],"ix":1},"s":{"a":0,"k":[32,32,100],"ix":6}},"ao":0,"shapes":[{"ty":"gr","it":[{"ind":0,"ty":"sh","ix":1,"ks":{"a":0,"k":{"i":[[1.2,-4.6],[4.7,1.2],[-1.2,4.7],[0,0]],"o":[[-1.2,4.7],[-4.7,-1.2],[1.2,-4.7],[0,0]],"v":[[8.45,4.35],[-2.25,10.55],[-8.45,-0.15],[3.75,-11.75]],"c":true},"ix":2},"nm":"路径 1","mn":"ADBE Vector Shape - Group","hd":false},{"ty":"fl","c":{"a":0,"k":[0.25882352941176473,0.25882352941176473,0.25882352941176473,1],"ix":4},"o":{"a":0,"k":100,"ix":5},"r":1,"bm":0,"nm":"填充 1","mn":"ADBE Vector Graphic - Fill","hd":false},{"ty":"tr","p":{"a":0,"k":[9.9,12],"ix":2},"a":{"a":0,"k":[0,0],"ix":1},"s":{"a":0,"k":[100,100],"ix":3},"r":{"a":0,"k":0,"ix":6},"o":{"a":0,"k":100,"ix":7},"sk":{"a":0,"k":0,"ix":4},"sa":{"a":0,"k":0,"ix":5},"nm":"变换"}],"nm":"组 1","np":2,"cix":2,"bm":0,"ix":1,"mn":"ADBE Vector Group","hd":false}],"ip":150,"op":150,"st":0,"bm":0,"hidden":0},{"ddd":0,"ind":19,"ty":4,"nm":"“1”轮廓","sr":1,"ks":{"o":{"a":1,"k":[{"i":{"x":[0.833],"y":[0.833]},"o":{"x":[0.167],"y":[0.167]},"t":57,"s":[100]},{"t":86,"s":[0]}],"ix":11},"r":{"a":0,"k":0,"ix":10},"p":{"a":1,"k":[{"i":{"x":0.833,"y":0.833},"o":{"x":0.167,"y":0.167},"t":0,"s":[22.08,31.535999999999998,0],"to":[-0.417,3.167,0],"ti":[2.167,-14.333,0]},{"i":{"x":0.833,"y":0.833},"o":{"x":0.167,"y":0.167},"t":27,"s":[21.28,37.616,0],"to":[-2.167,14.333,0],"ti":[1.75,-11.167,0]},{"t":86,"s":[17.92,59.056000000000004,0]}],"ix":2},"a":{"a":0,"k":[11.75,14.25,0],"ix":1},"s":{"a":0,"k":[32,32,100],"ix":6}},"ao":0,"shapes":[{"ty":"gr","it":[{"ind":0,"ty":"sh","ix":1,"ks":{"a":0,"k":{"i":[[1.5,-5.6],[5.5,1.5],[-1.5,5.5],[0,0]],"o":[[-1.5,5.5],[-5.5,-1.5],[1.5,-5.5],[0,0]],"v":[[10,5.2],[-2.7,12.5],[-10,-0.2],[4.5,-14]],"c":true},"ix":2},"nm":"路径 1","mn":"ADBE Vector Shape - Group","hd":false},{"ty":"fl","c":{"a":0,"k":[0.25882352941176473,0.25882352941176473,0.25882352941176473,1],"ix":4},"o":{"a":0,"k":100,"ix":5},"r":1,"bm":0,"nm":"填充 1","mn":"ADBE Vector Graphic - Fill","hd":false},{"ty":"tr","p":{"a":0,"k":[11.75,14.25],"ix":2},"a":{"a":0,"k":[0,0],"ix":1},"s":{"a":0,"k":[100,100],"ix":3},"r":{"a":0,"k":0,"ix":6},"o":{"a":0,"k":100,"ix":7},"sk":{"a":0,"k":0,"ix":4},"sa":{"a":0,"k":0,"ix":5},"nm":"变换"}],"nm":"组 1","np":2,"cix":2,"bm":0,"ix":1,"mn":"ADBE Vector Group","hd":false}],"ip":150,"op":150,"st":0,"bm":0,"hidden":0}],"markers":[]}